,date,trends_index,keyword,region
0,2004-01-01,0,Barbados Dollar,BB
1,2004-02-01,0,Barbados Dollar,BB
2,2004-03-01,100,Barbados Dollar,BB
3,2004-04-01,0,Barbados Dollar,BB
4,2004-05-01,0,Barbados Dollar,BB
5,2004-06-01,0,Barbados Dollar,BB
6,2004-07-01,0,Barbados Dollar,BB
7,2004-08-01,0,Barbados Dollar,BB
8,2004-09-01,0,Barbados Dollar,BB
9,2004-10-01,0,Barbados Dollar,BB
10,2004-11-01,33,Barbados Dollar,BB
11,2004-12-01,0,Barbados Dollar,BB
12,2005-01-01,0,Barbados Dollar,BB
13,2005-02-01,0,Barbados Dollar,BB
14,2005-03-01,30,Barbados Dollar,BB
15,2005-04-01,0,Barbados Dollar,BB
16,2005-05-01,0,Barbados Dollar,BB
17,2005-06-01,23,Barbados Dollar,BB
18,2005-07-01,0,Barbados Dollar,BB
19,2005-08-01,29,Barbados Dollar,BB
20,2005-09-01,0,Barbados Dollar,BB
21,2005-10-01,15,Barbados Dollar,BB
22,2005-11-01,0,Barbados Dollar,BB
23,2005-12-01,0,Barbados Dollar,BB
24,2006-01-01,0,Barbados Dollar,BB
25,2006-02-01,0,Barbados Dollar,BB
26,2006-03-01,0,Barbados Dollar,BB
27,2006-04-01,0,Barbados Dollar,BB
28,2006-05-01,0,Barbados Dollar,BB
29,2006-06-01,0,Barbados Dollar,BB
30,2006-07-01,0,Barbados Dollar,BB
31,2006-08-01,0,Barbados Dollar,BB
32,2006-09-01,0,Barbados Dollar,BB
33,2006-10-01,0,Barbados Dollar,BB
34,2006-11-01,0,Barbados Dollar,BB
35,2006-12-01,0,Barbados Dollar,BB
36,2007-01-01,0,Barbados Dollar,BB
37,2007-02-01,0,Barbados Dollar,BB
38,2007-03-01,0,Barbados Dollar,BB
39,2007-04-01,0,Barbados Dollar,BB
40,2007-05-01,0,Barbados Dollar,BB
41,2007-06-01,0,Barbados Dollar,BB
42,2007-07-01,0,Barbados Dollar,BB
43,2007-08-01,0,Barbados Dollar,BB
44,2007-09-01,0,Barbados Dollar,BB
45,2007-10-01,0,Barbados Dollar,BB
46,2007-11-01,0,Barbados Dollar,BB
47,2007-12-01,0,Barbados Dollar,BB
48,2008-01-01,5,Barbados Dollar,BB
49,2008-02-01,0,Barbados Dollar,BB
50,2008-03-01,0,Barbados Dollar,BB
51,2008-04-01,0,Barbados Dollar,BB
52,2008-05-01,0,Barbados Dollar,BB
53,2008-06-01,5,Barbados Dollar,BB
54,2008-07-01,0,Barbados Dollar,BB
55,2008-08-01,0,Barbados Dollar,BB
56,2008-09-01,0,Barbados Dollar,BB
57,2008-10-01,0,Barbados Dollar,BB
58,2008-11-01,0,Barbados Dollar,BB
59,2008-12-01,0,Barbados Dollar,BB
60,2009-01-01,0,Barbados Dollar,BB
61,2009-02-01,0,Barbados Dollar,BB
62,2009-03-01,10,Barbados Dollar,BB
63,2009-04-01,6,Barbados Dollar,BB
64,2009-05-01,0,Barbados Dollar,BB
65,2009-06-01,6,Barbados Dollar,BB
66,2009-07-01,0,Barbados Dollar,BB
67,2009-08-01,0,Barbados Dollar,BB
68,2009-09-01,0,Barbados Dollar,BB
69,2009-10-01,0,Barbados Dollar,BB
70,2009-11-01,0,Barbados Dollar,BB
71,2009-12-01,0,Barbados Dollar,BB
72,2010-01-01,0,Barbados Dollar,BB
73,2010-02-01,0,Barbados Dollar,BB
74,2010-03-01,0,Barbados Dollar,BB
75,2010-04-01,0,Barbados Dollar,BB
76,2010-05-01,25,Barbados Dollar,BB
77,2010-06-01,0,Barbados Dollar,BB
78,2010-07-01,12,Barbados Dollar,BB
79,2010-08-01,0,Barbados Dollar,BB
80,2010-09-01,0,Barbados Dollar,BB
81,2010-10-01,0,Barbados Dollar,BB
82,2010-11-01,5,Barbados Dollar,BB
83,2010-12-01,0,Barbados Dollar,BB
84,2011-01-01,0,Barbados Dollar,BB
85,2011-02-01,4,Barbados Dollar,BB
86,2011-03-01,0,Barbados Dollar,BB
87,2011-04-01,0,Barbados Dollar,BB
88,2011-05-01,3,Barbados Dollar,BB
89,2011-06-01,0,Barbados Dollar,BB
90,2011-07-01,2,Barbados Dollar,BB
91,2011-08-01,3,Barbados Dollar,BB
92,2011-09-01,0,Barbados Dollar,BB
93,2011-10-01,0,Barbados Dollar,BB
94,2011-11-01,0,Barbados Dollar,BB
95,2011-12-01,3,Barbados Dollar,BB
96,2012-01-01,5,Barbados Dollar,BB
97,2012-02-01,2,Barbados Dollar,BB
98,2012-03-01,3,Barbados Dollar,BB
99,2012-04-01,2,Barbados Dollar,BB
100,2012-05-01,3,Barbados Dollar,BB
101,2012-06-01,2,Barbados Dollar,BB
102,2012-07-01,0,Barbados Dollar,BB
103,2012-08-01,3,Barbados Dollar,BB
104,2012-09-01,0,Barbados Dollar,BB
105,2012-10-01,3,Barbados Dollar,BB
106,2012-11-01,4,Barbados Dollar,BB
107,2012-12-01,4,Barbados Dollar,BB
108,2013-01-01,3,Barbados Dollar,BB
109,2013-02-01,3,Barbados Dollar,BB
110,2013-03-01,4,Barbados Dollar,BB
111,2013-04-01,4,Barbados Dollar,BB
112,2013-05-01,0,Barbados Dollar,BB
113,2013-06-01,4,Barbados Dollar,BB
114,2013-07-01,2,Barbados Dollar,BB
115,2013-08-01,2,Barbados Dollar,BB
116,2013-09-01,3,Barbados Dollar,BB
117,2013-10-01,5,Barbados Dollar,BB
118,2013-11-01,4,Barbados Dollar,BB
119,2013-12-01,3,Barbados Dollar,BB
120,2014-01-01,2,Barbados Dollar,BB
121,2014-02-01,4,Barbados Dollar,BB
122,2014-03-01,4,Barbados Dollar,BB
123,2014-04-01,4,Barbados Dollar,BB
124,2014-05-01,2,Barbados Dollar,BB
125,2014-06-01,4,Barbados Dollar,BB
126,2014-07-01,2,Barbados Dollar,BB
127,2014-08-01,7,Barbados Dollar,BB
128,2014-09-01,2,Barbados Dollar,BB
129,2014-10-01,1,Barbados Dollar,BB
130,2014-11-01,4,Barbados Dollar,BB
131,2014-12-01,4,Barbados Dollar,BB
132,2015-01-01,1,Barbados Dollar,BB
133,2015-02-01,6,Barbados Dollar,BB
134,2015-03-01,2,Barbados Dollar,BB
135,2015-04-01,1,Barbados Dollar,BB
136,2015-05-01,1,Barbados Dollar,BB
137,2015-06-01,2,Barbados Dollar,BB
138,2015-07-01,3,Barbados Dollar,BB
139,2015-08-01,3,Barbados Dollar,BB
140,2015-09-01,3,Barbados Dollar,BB
141,2015-10-01,3,Barbados Dollar,BB
142,2015-11-01,4,Barbados Dollar,BB
143,2015-12-01,3,Barbados Dollar,BB
144,2016-01-01,3,Barbados Dollar,BB
145,2016-02-01,9,Barbados Dollar,BB
146,2016-03-01,4,Barbados Dollar,BB
147,2016-04-01,4,Barbados Dollar,BB
148,2016-05-01,8,Barbados Dollar,BB
149,2016-06-01,10,Barbados Dollar,BB
150,2016-07-01,9,Barbados Dollar,BB
151,2016-08-01,5,Barbados Dollar,BB
152,2016-09-01,7,Barbados Dollar,BB
153,2016-10-01,5,Barbados Dollar,BB
154,2016-11-01,7,Barbados Dollar,BB
155,2016-12-01,6,Barbados Dollar,BB
156,2017-01-01,9,Barbados Dollar,BB
157,2017-02-01,9,Barbados Dollar,BB
158,2017-03-01,4,Barbados Dollar,BB
159,2017-04-01,7,Barbados Dollar,BB
160,2017-05-01,6,Barbados Dollar,BB
161,2017-06-01,5,Barbados Dollar,BB
162,2017-07-01,7,Barbados Dollar,BB
163,2017-08-01,5,Barbados Dollar,BB
164,2017-09-01,6,Barbados Dollar,BB
165,2017-10-01,9,Barbados Dollar,BB
166,2017-11-01,8,Barbados Dollar,BB
167,2017-12-01,11,Barbados Dollar,BB
168,2018-01-01,7,Barbados Dollar,BB
169,2018-02-01,7,Barbados Dollar,BB
170,2018-03-01,6,Barbados Dollar,BB
171,2018-04-01,8,Barbados Dollar,BB
172,2018-05-01,6,Barbados Dollar,BB
173,2018-06-01,7,Barbados Dollar,BB
174,2018-07-01,6,Barbados Dollar,BB
175,2018-08-01,5,Barbados Dollar,BB
176,2018-09-01,8,Barbados Dollar,BB
177,2018-10-01,6,Barbados Dollar,BB
178,2018-11-01,4,Barbados Dollar,BB
179,2018-12-01,10,Barbados Dollar,BB
180,2019-01-01,10,Barbados Dollar,BB
181,2019-02-01,12,Barbados Dollar,BB
182,2019-03-01,7,Barbados Dollar,BB
183,2019-04-01,12,Barbados Dollar,BB
184,2019-05-01,6,Barbados Dollar,BB
185,2019-06-01,11,Barbados Dollar,BB
186,2019-07-01,4,Barbados Dollar,BB
187,2019-08-01,5,Barbados Dollar,BB
188,2019-09-01,10,Barbados Dollar,BB
189,2019-10-01,7,Barbados Dollar,BB
190,2019-11-01,12,Barbados Dollar,BB
191,2019-12-01,7,Barbados Dollar,BB
192,2020-01-01,4,Barbados Dollar,BB
193,2020-02-01,6,Barbados Dollar,BB
194,2020-03-01,8,Barbados Dollar,BB
195,2020-04-01,3,Barbados Dollar,BB
196,2020-05-01,3,Barbados Dollar,BB
197,2020-06-01,6,Barbados Dollar,BB
198,2020-07-01,5,Barbados Dollar,BB
199,2020-08-01,4,Barbados Dollar,BB
200,2020-09-01,5,Barbados Dollar,BB
201,2020-10-01,3,Barbados Dollar,BB
202,2020-11-01,3,Barbados Dollar,BB
203,2020-12-01,7,Barbados Dollar,BB
204,2021-01-01,5,Barbados Dollar,BB
205,2021-02-01,3,Barbados Dollar,BB
206,2021-03-01,2,Barbados Dollar,BB
207,2021-04-01,4,Barbados Dollar,BB
208,2021-05-01,2,Barbados Dollar,BB
209,2021-06-01,6,Barbados Dollar,BB
210,2021-07-01,3,Barbados Dollar,BB
211,2021-08-01,4,Barbados Dollar,BB
212,2021-09-01,5,Barbados Dollar,BB
213,2021-10-01,4,Barbados Dollar,BB
214,2021-11-01,4,Barbados Dollar,BB
215,2021-12-01,5,Barbados Dollar,BB
216,2022-01-01,6,Barbados Dollar,BB
217,2022-02-01,7,Barbados Dollar,BB
218,2022-03-01,3,Barbados Dollar,BB
219,2022-04-01,7,Barbados Dollar,BB
220,2022-05-01,6,Barbados Dollar,BB
221,2022-06-01,5,Barbados Dollar,BB
222,2022-07-01,7,Barbados Dollar,BB
223,2022-08-01,5,Barbados Dollar,BB
224,2022-09-01,6,Barbados Dollar,BB
225,2022-10-01,7,Barbados Dollar,BB
226,2022-11-01,9,Barbados Dollar,BB
227,2022-12-01,10,Barbados Dollar,BB
228,2023-01-01,7,Barbados Dollar,BB
229,2023-02-01,9,Barbados Dollar,BB
230,2023-03-01,8,Barbados Dollar,BB
231,2023-04-01,8,Barbados Dollar,BB
232,2023-05-01,5,Barbados Dollar,BB
0,2004-01-01,37,Barbados Dollar,CA
1,2004-02-01,0,Barbados Dollar,CA
2,2004-03-01,0,Barbados Dollar,CA
3,2004-04-01,0,Barbados Dollar,CA
4,2004-05-01,35,Barbados Dollar,CA
5,2004-06-01,0,Barbados Dollar,CA
6,2004-07-01,0,Barbados Dollar,CA
7,2004-08-01,0,Barbados Dollar,CA
8,2004-09-01,0,Barbados Dollar,CA
9,2004-10-01,36,Barbados Dollar,CA
10,2004-11-01,0,Barbados Dollar,CA
11,2004-12-01,0,Barbados Dollar,CA
12,2005-01-01,0,Barbados Dollar,CA
13,2005-02-01,52,Barbados Dollar,CA
14,2005-03-01,0,Barbados Dollar,CA
15,2005-04-01,0,Barbados Dollar,CA
16,2005-05-01,0,Barbados Dollar,CA
17,2005-06-01,0,Barbados Dollar,CA
18,2005-07-01,0,Barbados Dollar,CA
19,2005-08-01,0,Barbados Dollar,CA
20,2005-09-01,0,Barbados Dollar,CA
21,2005-10-01,0,Barbados Dollar,CA
22,2005-11-01,18,Barbados Dollar,CA
23,2005-12-01,0,Barbados Dollar,CA
24,2006-01-01,0,Barbados Dollar,CA
25,2006-02-01,20,Barbados Dollar,CA
26,2006-03-01,13,Barbados Dollar,CA
27,2006-04-01,0,Barbados Dollar,CA
28,2006-05-01,0,Barbados Dollar,CA
29,2006-06-01,0,Barbados Dollar,CA
30,2006-07-01,0,Barbados Dollar,CA
31,2006-08-01,0,Barbados Dollar,CA
32,2006-09-01,0,Barbados Dollar,CA
33,2006-10-01,0,Barbados Dollar,CA
34,2006-11-01,0,Barbados Dollar,CA
35,2006-12-01,100,Barbados Dollar,CA
36,2007-01-01,0,Barbados Dollar,CA
37,2007-02-01,0,Barbados Dollar,CA
38,2007-03-01,0,Barbados Dollar,CA
39,2007-04-01,0,Barbados Dollar,CA
40,2007-05-01,10,Barbados Dollar,CA
41,2007-06-01,16,Barbados Dollar,CA
42,2007-07-01,0,Barbados Dollar,CA
43,2007-08-01,12,Barbados Dollar,CA
44,2007-09-01,0,Barbados Dollar,CA
45,2007-10-01,0,Barbados Dollar,CA
46,2007-11-01,0,Barbados Dollar,CA
47,2007-12-01,0,Barbados Dollar,CA
48,2008-01-01,0,Barbados Dollar,CA
49,2008-02-01,0,Barbados Dollar,CA
50,2008-03-01,0,Barbados Dollar,CA
51,2008-04-01,0,Barbados Dollar,CA
52,2008-05-01,0,Barbados Dollar,CA
53,2008-06-01,0,Barbados Dollar,CA
54,2008-07-01,0,Barbados Dollar,CA
55,2008-08-01,22,Barbados Dollar,CA
56,2008-09-01,0,Barbados Dollar,CA
57,2008-10-01,0,Barbados Dollar,CA
58,2008-11-01,0,Barbados Dollar,CA
59,2008-12-01,17,Barbados Dollar,CA
60,2009-01-01,0,Barbados Dollar,CA
61,2009-02-01,0,Barbados Dollar,CA
62,2009-03-01,0,Barbados Dollar,CA
63,2009-04-01,0,Barbados Dollar,CA
64,2009-05-01,7,Barbados Dollar,CA
65,2009-06-01,15,Barbados Dollar,CA
66,2009-07-01,11,Barbados Dollar,CA
67,2009-08-01,8,Barbados Dollar,CA
68,2009-09-01,0,Barbados Dollar,CA
69,2009-10-01,0,Barbados Dollar,CA
70,2009-11-01,0,Barbados Dollar,CA
71,2009-12-01,0,Barbados Dollar,CA
72,2010-01-01,14,Barbados Dollar,CA
73,2010-02-01,12,Barbados Dollar,CA
74,2010-03-01,0,Barbados Dollar,CA
75,2010-04-01,11,Barbados Dollar,CA
76,2010-05-01,0,Barbados Dollar,CA
77,2010-06-01,10,Barbados Dollar,CA
78,2010-07-01,0,Barbados Dollar,CA
79,2010-08-01,0,Barbados Dollar,CA
80,2010-09-01,0,Barbados Dollar,CA
81,2010-10-01,11,Barbados Dollar,CA
82,2010-11-01,0,Barbados Dollar,CA
83,2010-12-01,6,Barbados Dollar,CA
84,2011-01-01,0,Barbados Dollar,CA
85,2011-02-01,0,Barbados Dollar,CA
86,2011-03-01,0,Barbados Dollar,CA
87,2011-04-01,6,Barbados Dollar,CA
88,2011-05-01,0,Barbados Dollar,CA
89,2011-06-01,4,Barbados Dollar,CA
90,2011-07-01,7,Barbados Dollar,CA
91,2011-08-01,0,Barbados Dollar,CA
92,2011-09-01,5,Barbados Dollar,CA
93,2011-10-01,0,Barbados Dollar,CA
94,2011-11-01,12,Barbados Dollar,CA
95,2011-12-01,0,Barbados Dollar,CA
96,2012-01-01,0,Barbados Dollar,CA
97,2012-02-01,7,Barbados Dollar,CA
98,2012-03-01,4,Barbados Dollar,CA
99,2012-04-01,4,Barbados Dollar,CA
100,2012-05-01,0,Barbados Dollar,CA
101,2012-06-01,0,Barbados Dollar,CA
102,2012-07-01,0,Barbados Dollar,CA
103,2012-08-01,7,Barbados Dollar,CA
104,2012-09-01,6,Barbados Dollar,CA
105,2012-10-01,5,Barbados Dollar,CA
106,2012-11-01,9,Barbados Dollar,CA
107,2012-12-01,6,Barbados Dollar,CA
108,2013-01-01,6,Barbados Dollar,CA
109,2013-02-01,8,Barbados Dollar,CA
110,2013-03-01,4,Barbados Dollar,CA
111,2013-04-01,2,Barbados Dollar,CA
112,2013-05-01,9,Barbados Dollar,CA
113,2013-06-01,0,Barbados Dollar,CA
114,2013-07-01,0,Barbados Dollar,CA
115,2013-08-01,7,Barbados Dollar,CA
116,2013-09-01,5,Barbados Dollar,CA
117,2013-10-01,0,Barbados Dollar,CA
118,2013-11-01,3,Barbados Dollar,CA
119,2013-12-01,5,Barbados Dollar,CA
120,2014-01-01,16,Barbados Dollar,CA
121,2014-02-01,11,Barbados Dollar,CA
122,2014-03-01,7,Barbados Dollar,CA
123,2014-04-01,3,Barbados Dollar,CA
124,2014-05-01,0,Barbados Dollar,CA
125,2014-06-01,10,Barbados Dollar,CA
126,2014-07-01,7,Barbados Dollar,CA
127,2014-08-01,16,Barbados Dollar,CA
128,2014-09-01,10,Barbados Dollar,CA
129,2014-10-01,0,Barbados Dollar,CA
130,2014-11-01,0,Barbados Dollar,CA
131,2014-12-01,0,Barbados Dollar,CA
132,2015-01-01,4,Barbados Dollar,CA
133,2015-02-01,6,Barbados Dollar,CA
134,2015-03-01,8,Barbados Dollar,CA
135,2015-04-01,0,Barbados Dollar,CA
136,2015-05-01,11,Barbados Dollar,CA
137,2015-06-01,5,Barbados Dollar,CA
138,2015-07-01,4,Barbados Dollar,CA
139,2015-08-01,9,Barbados Dollar,CA
140,2015-09-01,4,Barbados Dollar,CA
141,2015-10-01,3,Barbados Dollar,CA
142,2015-11-01,13,Barbados Dollar,CA
143,2015-12-01,10,Barbados Dollar,CA
144,2016-01-01,10,Barbados Dollar,CA
145,2016-02-01,9,Barbados Dollar,CA
146,2016-03-01,8,Barbados Dollar,CA
147,2016-04-01,10,Barbados Dollar,CA
148,2016-05-01,7,Barbados Dollar,CA
149,2016-06-01,9,Barbados Dollar,CA
150,2016-07-01,5,Barbados Dollar,CA
151,2016-08-01,9,Barbados Dollar,CA
152,2016-09-01,8,Barbados Dollar,CA
153,2016-10-01,7,Barbados Dollar,CA
154,2016-11-01,11,Barbados Dollar,CA
155,2016-12-01,6,Barbados Dollar,CA
156,2017-01-01,10,Barbados Dollar,CA
157,2017-02-01,3,Barbados Dollar,CA
158,2017-03-01,3,Barbados Dollar,CA
159,2017-04-01,11,Barbados Dollar,CA
160,2017-05-01,0,Barbados Dollar,CA
161,2017-06-01,11,Barbados Dollar,CA
162,2017-07-01,9,Barbados Dollar,CA
163,2017-08-01,16,Barbados Dollar,CA
164,2017-09-01,3,Barbados Dollar,CA
165,2017-10-01,18,Barbados Dollar,CA
166,2017-11-01,4,Barbados Dollar,CA
167,2017-12-01,8,Barbados Dollar,CA
168,2018-01-01,11,Barbados Dollar,CA
169,2018-02-01,8,Barbados Dollar,CA
170,2018-03-01,8,Barbados Dollar,CA
171,2018-04-01,10,Barbados Dollar,CA
172,2018-05-01,4,Barbados Dollar,CA
173,2018-06-01,9,Barbados Dollar,CA
174,2018-07-01,4,Barbados Dollar,CA
175,2018-08-01,11,Barbados Dollar,CA
176,2018-09-01,9,Barbados Dollar,CA
177,2018-10-01,0,Barbados Dollar,CA
178,2018-11-01,11,Barbados Dollar,CA
179,2018-12-01,11,Barbados Dollar,CA
180,2019-01-01,8,Barbados Dollar,CA
181,2019-02-01,17,Barbados Dollar,CA
182,2019-03-01,5,Barbados Dollar,CA
183,2019-04-01,9,Barbados Dollar,CA
184,2019-05-01,13,Barbados Dollar,CA
185,2019-06-01,7,Barbados Dollar,CA
186,2019-07-01,14,Barbados Dollar,CA
187,2019-08-01,10,Barbados Dollar,CA
188,2019-09-01,10,Barbados Dollar,CA
189,2019-10-01,7,Barbados Dollar,CA
190,2019-11-01,5,Barbados Dollar,CA
191,2019-12-01,9,Barbados Dollar,CA
192,2020-01-01,0,Barbados Dollar,CA
193,2020-02-01,8,Barbados Dollar,CA
194,2020-03-01,3,Barbados Dollar,CA
195,2020-04-01,0,Barbados Dollar,CA
196,2020-05-01,5,Barbados Dollar,CA
197,2020-06-01,3,Barbados Dollar,CA
198,2020-07-01,6,Barbados Dollar,CA
199,2020-08-01,7,Barbados Dollar,CA
200,2020-09-01,7,Barbados Dollar,CA
201,2020-10-01,5,Barbados Dollar,CA
202,2020-11-01,3,Barbados Dollar,CA
203,2020-12-01,5,Barbados Dollar,CA
204,2021-01-01,23,Barbados Dollar,CA
205,2021-02-01,4,Barbados Dollar,CA
206,2021-03-01,0,Barbados Dollar,CA
207,2021-04-01,0,Barbados Dollar,CA
208,2021-05-01,7,Barbados Dollar,CA
209,2021-06-01,3,Barbados Dollar,CA
210,2021-07-01,3,Barbados Dollar,CA
211,2021-08-01,7,Barbados Dollar,CA
212,2021-09-01,3,Barbados Dollar,CA
213,2021-10-01,5,Barbados Dollar,CA
214,2021-11-01,7,Barbados Dollar,CA
215,2021-12-01,5,Barbados Dollar,CA
216,2022-01-01,12,Barbados Dollar,CA
217,2022-02-01,8,Barbados Dollar,CA
218,2022-03-01,8,Barbados Dollar,CA
219,2022-04-01,6,Barbados Dollar,CA
220,2022-05-01,4,Barbados Dollar,CA
221,2022-06-01,6,Barbados Dollar,CA
222,2022-07-01,4,Barbados Dollar,CA
223,2022-08-01,7,Barbados Dollar,CA
224,2022-09-01,8,Barbados Dollar,CA
225,2022-10-01,10,Barbados Dollar,CA
226,2022-11-01,4,Barbados Dollar,CA
227,2022-12-01,11,Barbados Dollar,CA
228,2023-01-01,11,Barbados Dollar,CA
229,2023-02-01,7,Barbados Dollar,CA
230,2023-03-01,5,Barbados Dollar,CA
231,2023-04-01,5,Barbados Dollar,CA
232,2023-05-01,0,Barbados Dollar,CA
0,2004-01-01,41,Barbados Dollar,DE
1,2004-02-01,100,Barbados Dollar,DE
2,2004-03-01,0,Barbados Dollar,DE
3,2004-04-01,0,Barbados Dollar,DE
4,2004-05-01,0,Barbados Dollar,DE
5,2004-06-01,0,Barbados Dollar,DE
6,2004-07-01,0,Barbados Dollar,DE
7,2004-08-01,0,Barbados Dollar,DE
8,2004-09-01,0,Barbados Dollar,DE
9,2004-10-01,0,Barbados Dollar,DE
10,2004-11-01,0,Barbados Dollar,DE
11,2004-12-01,0,Barbados Dollar,DE
12,2005-01-01,0,Barbados Dollar,DE
13,2005-02-01,0,Barbados Dollar,DE
14,2005-03-01,0,Barbados Dollar,DE
15,2005-04-01,0,Barbados Dollar,DE
16,2005-05-01,0,Barbados Dollar,DE
17,2005-06-01,0,Barbados Dollar,DE
18,2005-07-01,0,Barbados Dollar,DE
19,2005-08-01,0,Barbados Dollar,DE
20,2005-09-01,54,Barbados Dollar,DE
21,2005-10-01,0,Barbados Dollar,DE
22,2005-11-01,0,Barbados Dollar,DE
23,2005-12-01,0,Barbados Dollar,DE
24,2006-01-01,0,Barbados Dollar,DE
25,2006-02-01,0,Barbados Dollar,DE
26,2006-03-01,0,Barbados Dollar,DE
27,2006-04-01,0,Barbados Dollar,DE
28,2006-05-01,27,Barbados Dollar,DE
29,2006-06-01,0,Barbados Dollar,DE
30,2006-07-01,34,Barbados Dollar,DE
31,2006-08-01,0,Barbados Dollar,DE
32,2006-09-01,0,Barbados Dollar,DE
33,2006-10-01,18,Barbados Dollar,DE
34,2006-11-01,0,Barbados Dollar,DE
35,2006-12-01,0,Barbados Dollar,DE
36,2007-01-01,56,Barbados Dollar,DE
37,2007-02-01,14,Barbados Dollar,DE
38,2007-03-01,0,Barbados Dollar,DE
39,2007-04-01,0,Barbados Dollar,DE
40,2007-05-01,0,Barbados Dollar,DE
41,2007-06-01,0,Barbados Dollar,DE
42,2007-07-01,60,Barbados Dollar,DE
43,2007-08-01,10,Barbados Dollar,DE
44,2007-09-01,0,Barbados Dollar,DE
45,2007-10-01,10,Barbados Dollar,DE
46,2007-11-01,0,Barbados Dollar,DE
47,2007-12-01,0,Barbados Dollar,DE
48,2008-01-01,9,Barbados Dollar,DE
49,2008-02-01,10,Barbados Dollar,DE
50,2008-03-01,20,Barbados Dollar,DE
51,2008-04-01,21,Barbados Dollar,DE
52,2008-05-01,15,Barbados Dollar,DE
53,2008-06-01,0,Barbados Dollar,DE
54,2008-07-01,0,Barbados Dollar,DE
55,2008-08-01,0,Barbados Dollar,DE
56,2008-09-01,0,Barbados Dollar,DE
57,2008-10-01,0,Barbados Dollar,DE
58,2008-11-01,0,Barbados Dollar,DE
59,2008-12-01,9,Barbados Dollar,DE
60,2009-01-01,7,Barbados Dollar,DE
61,2009-02-01,0,Barbados Dollar,DE
62,2009-03-01,0,Barbados Dollar,DE
63,2009-04-01,9,Barbados Dollar,DE
64,2009-05-01,15,Barbados Dollar,DE
65,2009-06-01,12,Barbados Dollar,DE
66,2009-07-01,0,Barbados Dollar,DE
67,2009-08-01,0,Barbados Dollar,DE
68,2009-09-01,0,Barbados Dollar,DE
69,2009-10-01,0,Barbados Dollar,DE
70,2009-11-01,8,Barbados Dollar,DE
71,2009-12-01,0,Barbados Dollar,DE
72,2010-01-01,0,Barbados Dollar,DE
73,2010-02-01,0,Barbados Dollar,DE
74,2010-03-01,0,Barbados Dollar,DE
75,2010-04-01,0,Barbados Dollar,DE
76,2010-05-01,9,Barbados Dollar,DE
77,2010-06-01,7,Barbados Dollar,DE
78,2010-07-01,0,Barbados Dollar,DE
79,2010-08-01,0,Barbados Dollar,DE
80,2010-09-01,0,Barbados Dollar,DE
81,2010-10-01,0,Barbados Dollar,DE
82,2010-11-01,0,Barbados Dollar,DE
83,2010-12-01,0,Barbados Dollar,DE
84,2011-01-01,0,Barbados Dollar,DE
85,2011-02-01,5,Barbados Dollar,DE
86,2011-03-01,0,Barbados Dollar,DE
87,2011-04-01,0,Barbados Dollar,DE
88,2011-05-01,0,Barbados Dollar,DE
89,2011-06-01,0,Barbados Dollar,DE
90,2011-07-01,0,Barbados Dollar,DE
91,2011-08-01,10,Barbados Dollar,DE
92,2011-09-01,0,Barbados Dollar,DE
93,2011-10-01,0,Barbados Dollar,DE
94,2011-11-01,0,Barbados Dollar,DE
95,2011-12-01,0,Barbados Dollar,DE
96,2012-01-01,7,Barbados Dollar,DE
97,2012-02-01,8,Barbados Dollar,DE
98,2012-03-01,0,Barbados Dollar,DE
99,2012-04-01,8,Barbados Dollar,DE
100,2012-05-01,8,Barbados Dollar,DE
101,2012-06-01,5,Barbados Dollar,DE
102,2012-07-01,0,Barbados Dollar,DE
103,2012-08-01,0,Barbados Dollar,DE
104,2012-09-01,0,Barbados Dollar,DE
105,2012-10-01,0,Barbados Dollar,DE
106,2012-11-01,3,Barbados Dollar,DE
107,2012-12-01,0,Barbados Dollar,DE
108,2013-01-01,4,Barbados Dollar,DE
109,2013-02-01,9,Barbados Dollar,DE
110,2013-03-01,0,Barbados Dollar,DE
111,2013-04-01,0,Barbados Dollar,DE
112,2013-05-01,0,Barbados Dollar,DE
113,2013-06-01,0,Barbados Dollar,DE
114,2013-07-01,8,Barbados Dollar,DE
115,2013-08-01,4,Barbados Dollar,DE
116,2013-09-01,7,Barbados Dollar,DE
117,2013-10-01,0,Barbados Dollar,DE
118,2013-11-01,0,Barbados Dollar,DE
119,2013-12-01,7,Barbados Dollar,DE
120,2014-01-01,9,Barbados Dollar,DE
121,2014-02-01,9,Barbados Dollar,DE
122,2014-03-01,0,Barbados Dollar,DE
123,2014-04-01,11,Barbados Dollar,DE
124,2014-05-01,0,Barbados Dollar,DE
125,2014-06-01,5,Barbados Dollar,DE
126,2014-07-01,0,Barbados Dollar,DE
127,2014-08-01,0,Barbados Dollar,DE
128,2014-09-01,5,Barbados Dollar,DE
129,2014-10-01,3,Barbados Dollar,DE
130,2014-11-01,4,Barbados Dollar,DE
131,2014-12-01,9,Barbados Dollar,DE
132,2015-01-01,9,Barbados Dollar,DE
133,2015-02-01,7,Barbados Dollar,DE
134,2015-03-01,3,Barbados Dollar,DE
135,2015-04-01,4,Barbados Dollar,DE
136,2015-05-01,4,Barbados Dollar,DE
137,2015-06-01,0,Barbados Dollar,DE
138,2015-07-01,6,Barbados Dollar,DE
139,2015-08-01,0,Barbados Dollar,DE
140,2015-09-01,0,Barbados Dollar,DE
141,2015-10-01,7,Barbados Dollar,DE
142,2015-11-01,0,Barbados Dollar,DE
143,2015-12-01,0,Barbados Dollar,DE
144,2016-01-01,7,Barbados Dollar,DE
145,2016-02-01,10,Barbados Dollar,DE
146,2016-03-01,5,Barbados Dollar,DE
147,2016-04-01,0,Barbados Dollar,DE
148,2016-05-01,8,Barbados Dollar,DE
149,2016-06-01,4,Barbados Dollar,DE
150,2016-07-01,5,Barbados Dollar,DE
151,2016-08-01,0,Barbados Dollar,DE
152,2016-09-01,0,Barbados Dollar,DE
153,2016-10-01,10,Barbados Dollar,DE
154,2016-11-01,0,Barbados Dollar,DE
155,2016-12-01,0,Barbados Dollar,DE
156,2017-01-01,0,Barbados Dollar,DE
157,2017-02-01,0,Barbados Dollar,DE
158,2017-03-01,0,Barbados Dollar,DE
159,2017-04-01,0,Barbados Dollar,DE
160,2017-05-01,0,Barbados Dollar,DE
161,2017-06-01,0,Barbados Dollar,DE
162,2017-07-01,0,Barbados Dollar,DE
163,2017-08-01,0,Barbados Dollar,DE
164,2017-09-01,0,Barbados Dollar,DE
165,2017-10-01,4,Barbados Dollar,DE
166,2017-11-01,4,Barbados Dollar,DE
167,2017-12-01,14,Barbados Dollar,DE
168,2018-01-01,3,Barbados Dollar,DE
169,2018-02-01,0,Barbados Dollar,DE
170,2018-03-01,7,Barbados Dollar,DE
171,2018-04-01,4,Barbados Dollar,DE
172,2018-05-01,4,Barbados Dollar,DE
173,2018-06-01,0,Barbados Dollar,DE
174,2018-07-01,0,Barbados Dollar,DE
175,2018-08-01,3,Barbados Dollar,DE
176,2018-09-01,0,Barbados Dollar,DE
177,2018-10-01,6,Barbados Dollar,DE
178,2018-11-01,2,Barbados Dollar,DE
179,2018-12-01,8,Barbados Dollar,DE
180,2019-01-01,0,Barbados Dollar,DE
181,2019-02-01,0,Barbados Dollar,DE
182,2019-03-01,10,Barbados Dollar,DE
183,2019-04-01,0,Barbados Dollar,DE
184,2019-05-01,7,Barbados Dollar,DE
185,2019-06-01,6,Barbados Dollar,DE
186,2019-07-01,0,Barbados Dollar,DE
187,2019-08-01,7,Barbados Dollar,DE
188,2019-09-01,9,Barbados Dollar,DE
189,2019-10-01,0,Barbados Dollar,DE
190,2019-11-01,9,Barbados Dollar,DE
191,2019-12-01,4,Barbados Dollar,DE
192,2020-01-01,0,Barbados Dollar,DE
193,2020-02-01,0,Barbados Dollar,DE
194,2020-03-01,0,Barbados Dollar,DE
195,2020-04-01,9,Barbados Dollar,DE
196,2020-05-01,6,Barbados Dollar,DE
197,2020-06-01,3,Barbados Dollar,DE
198,2020-07-01,4,Barbados Dollar,DE
199,2020-08-01,0,Barbados Dollar,DE
200,2020-09-01,0,Barbados Dollar,DE
201,2020-10-01,2,Barbados Dollar,DE
202,2020-11-01,0,Barbados Dollar,DE
203,2020-12-01,12,Barbados Dollar,DE
204,2021-01-01,0,Barbados Dollar,DE
205,2021-02-01,0,Barbados Dollar,DE
206,2021-03-01,0,Barbados Dollar,DE
207,2021-04-01,3,Barbados Dollar,DE
208,2021-05-01,5,Barbados Dollar,DE
209,2021-06-01,5,Barbados Dollar,DE
210,2021-07-01,0,Barbados Dollar,DE
211,2021-08-01,3,Barbados Dollar,DE
212,2021-09-01,3,Barbados Dollar,DE
213,2021-10-01,4,Barbados Dollar,DE
214,2021-11-01,0,Barbados Dollar,DE
215,2021-12-01,7,Barbados Dollar,DE
216,2022-01-01,6,Barbados Dollar,DE
217,2022-02-01,7,Barbados Dollar,DE
218,2022-03-01,2,Barbados Dollar,DE
219,2022-04-01,5,Barbados Dollar,DE
220,2022-05-01,0,Barbados Dollar,DE
221,2022-06-01,0,Barbados Dollar,DE
222,2022-07-01,3,Barbados Dollar,DE
223,2022-08-01,2,Barbados Dollar,DE
224,2022-09-01,4,Barbados Dollar,DE
225,2022-10-01,3,Barbados Dollar,DE
226,2022-11-01,4,Barbados Dollar,DE
227,2022-12-01,3,Barbados Dollar,DE
228,2023-01-01,7,Barbados Dollar,DE
229,2023-02-01,4,Barbados Dollar,DE
230,2023-03-01,0,Barbados Dollar,DE
231,2023-04-01,6,Barbados Dollar,DE
232,2023-05-01,0,Barbados Dollar,DE
0,2004-01-01,0,Barbados Dollar,IN
1,2004-02-01,0,Barbados Dollar,IN
2,2004-03-01,0,Barbados Dollar,IN
3,2004-04-01,0,Barbados Dollar,IN
4,2004-05-01,100,Barbados Dollar,IN
5,2004-06-01,29,Barbados Dollar,IN
6,2004-07-01,0,Barbados Dollar,IN
7,2004-08-01,0,Barbados Dollar,IN
8,2004-09-01,21,Barbados Dollar,IN
9,2004-10-01,0,Barbados Dollar,IN
10,2004-11-01,0,Barbados Dollar,IN
11,2004-12-01,0,Barbados Dollar,IN
12,2005-01-01,19,Barbados Dollar,IN
13,2005-02-01,0,Barbados Dollar,IN
14,2005-03-01,0,Barbados Dollar,IN
15,2005-04-01,0,Barbados Dollar,IN
16,2005-05-01,0,Barbados Dollar,IN
17,2005-06-01,0,Barbados Dollar,IN
18,2005-07-01,0,Barbados Dollar,IN
19,2005-08-01,20,Barbados Dollar,IN
20,2005-09-01,0,Barbados Dollar,IN
21,2005-10-01,0,Barbados Dollar,IN
22,2005-11-01,0,Barbados Dollar,IN
23,2005-12-01,0,Barbados Dollar,IN
24,2006-01-01,0,Barbados Dollar,IN
25,2006-02-01,0,Barbados Dollar,IN
26,2006-03-01,0,Barbados Dollar,IN
27,2006-04-01,0,Barbados Dollar,IN
28,2006-05-01,11,Barbados Dollar,IN
29,2006-06-01,0,Barbados Dollar,IN
30,2006-07-01,0,Barbados Dollar,IN
31,2006-08-01,9,Barbados Dollar,IN
32,2006-09-01,0,Barbados Dollar,IN
33,2006-10-01,0,Barbados Dollar,IN
34,2006-11-01,0,Barbados Dollar,IN
35,2006-12-01,0,Barbados Dollar,IN
36,2007-01-01,0,Barbados Dollar,IN
37,2007-02-01,0,Barbados Dollar,IN
38,2007-03-01,0,Barbados Dollar,IN
39,2007-04-01,11,Barbados Dollar,IN
40,2007-05-01,0,Barbados Dollar,IN
41,2007-06-01,0,Barbados Dollar,IN
42,2007-07-01,0,Barbados Dollar,IN
43,2007-08-01,8,Barbados Dollar,IN
44,2007-09-01,0,Barbados Dollar,IN
45,2007-10-01,0,Barbados Dollar,IN
46,2007-11-01,0,Barbados Dollar,IN
47,2007-12-01,0,Barbados Dollar,IN
48,2008-01-01,0,Barbados Dollar,IN
49,2008-02-01,0,Barbados Dollar,IN
50,2008-03-01,8,Barbados Dollar,IN
51,2008-04-01,0,Barbados Dollar,IN
52,2008-05-01,6,Barbados Dollar,IN
53,2008-06-01,0,Barbados Dollar,IN
54,2008-07-01,0,Barbados Dollar,IN
55,2008-08-01,0,Barbados Dollar,IN
56,2008-09-01,0,Barbados Dollar,IN
57,2008-10-01,0,Barbados Dollar,IN
58,2008-11-01,5,Barbados Dollar,IN
59,2008-12-01,0,Barbados Dollar,IN
60,2009-01-01,8,Barbados Dollar,IN
61,2009-02-01,4,Barbados Dollar,IN
62,2009-03-01,0,Barbados Dollar,IN
63,2009-04-01,0,Barbados Dollar,IN
64,2009-05-01,0,Barbados Dollar,IN
65,2009-06-01,0,Barbados Dollar,IN
66,2009-07-01,0,Barbados Dollar,IN
67,2009-08-01,0,Barbados Dollar,IN
68,2009-09-01,0,Barbados Dollar,IN
69,2009-10-01,0,Barbados Dollar,IN
70,2009-11-01,0,Barbados Dollar,IN
71,2009-12-01,0,Barbados Dollar,IN
72,2010-01-01,0,Barbados Dollar,IN
73,2010-02-01,0,Barbados Dollar,IN
74,2010-03-01,0,Barbados Dollar,IN
75,2010-04-01,0,Barbados Dollar,IN
76,2010-05-01,0,Barbados Dollar,IN
77,2010-06-01,0,Barbados Dollar,IN
78,2010-07-01,0,Barbados Dollar,IN
79,2010-08-01,0,Barbados Dollar,IN
80,2010-09-01,4,Barbados Dollar,IN
81,2010-10-01,5,Barbados Dollar,IN
82,2010-11-01,0,Barbados Dollar,IN
83,2010-12-01,0,Barbados Dollar,IN
84,2011-01-01,0,Barbados Dollar,IN
85,2011-02-01,0,Barbados Dollar,IN
86,2011-03-01,2,Barbados Dollar,IN
87,2011-04-01,0,Barbados Dollar,IN
88,2011-05-01,1,Barbados Dollar,IN
89,2011-06-01,0,Barbados Dollar,IN
90,2011-07-01,0,Barbados Dollar,IN
91,2011-08-01,0,Barbados Dollar,IN
92,2011-09-01,0,Barbados Dollar,IN
93,2011-10-01,1,Barbados Dollar,IN
94,2011-11-01,2,Barbados Dollar,IN
95,2011-12-01,0,Barbados Dollar,IN
96,2012-01-01,1,Barbados Dollar,IN
97,2012-02-01,0,Barbados Dollar,IN
98,2012-03-01,1,Barbados Dollar,IN
99,2012-04-01,1,Barbados Dollar,IN
100,2012-05-01,0,Barbados Dollar,IN
101,2012-06-01,0,Barbados Dollar,IN
102,2012-07-01,0,Barbados Dollar,IN
103,2012-08-01,0,Barbados Dollar,IN
104,2012-09-01,0,Barbados Dollar,IN
105,2012-10-01,0,Barbados Dollar,IN
106,2012-11-01,0,Barbados Dollar,IN
107,2012-12-01,0,Barbados Dollar,IN
108,2013-01-01,0,Barbados Dollar,IN
109,2013-02-01,0,Barbados Dollar,IN
110,2013-03-01,1,Barbados Dollar,IN
111,2013-04-01,0,Barbados Dollar,IN
112,2013-05-01,0,Barbados Dollar,IN
113,2013-06-01,0,Barbados Dollar,IN
114,2013-07-01,0,Barbados Dollar,IN
115,2013-08-01,0,Barbados Dollar,IN
116,2013-09-01,0,Barbados Dollar,IN
117,2013-10-01,0,Barbados Dollar,IN
118,2013-11-01,0,Barbados Dollar,IN
119,2013-12-01,0,Barbados Dollar,IN
120,2014-01-01,1,Barbados Dollar,IN
121,2014-02-01,0,Barbados Dollar,IN
122,2014-03-01,0,Barbados Dollar,IN
123,2014-04-01,0,Barbados Dollar,IN
124,2014-05-01,0,Barbados Dollar,IN
125,2014-06-01,0,Barbados Dollar,IN
126,2014-07-01,1,Barbados Dollar,IN
127,2014-08-01,0,Barbados Dollar,IN
128,2014-09-01,0,Barbados Dollar,IN
129,2014-10-01,0,Barbados Dollar,IN
130,2014-11-01,0,Barbados Dollar,IN
131,2014-12-01,0,Barbados Dollar,IN
132,2015-01-01,1,Barbados Dollar,IN
133,2015-02-01,0,Barbados Dollar,IN
134,2015-03-01,0,Barbados Dollar,IN
135,2015-04-01,0,Barbados Dollar,IN
136,2015-05-01,0,Barbados Dollar,IN
137,2015-06-01,0,Barbados Dollar,IN
138,2015-07-01,0,Barbados Dollar,IN
139,2015-08-01,0,Barbados Dollar,IN
140,2015-09-01,0,Barbados Dollar,IN
141,2015-10-01,0,Barbados Dollar,IN
142,2015-11-01,0,Barbados Dollar,IN
143,2015-12-01,0,Barbados Dollar,IN
144,2016-01-01,0,Barbados Dollar,IN
145,2016-02-01,0,Barbados Dollar,IN
146,2016-03-01,0,Barbados Dollar,IN
147,2016-04-01,0,Barbados Dollar,IN
148,2016-05-01,0,Barbados Dollar,IN
149,2016-06-01,0,Barbados Dollar,IN
150,2016-07-01,0,Barbados Dollar,IN
151,2016-08-01,0,Barbados Dollar,IN
152,2016-09-01,0,Barbados Dollar,IN
153,2016-10-01,0,Barbados Dollar,IN
154,2016-11-01,0,Barbados Dollar,IN
155,2016-12-01,0,Barbados Dollar,IN
156,2017-01-01,0,Barbados Dollar,IN
157,2017-02-01,0,Barbados Dollar,IN
158,2017-03-01,0,Barbados Dollar,IN
159,2017-04-01,0,Barbados Dollar,IN
160,2017-05-01,0,Barbados Dollar,IN
161,2017-06-01,0,Barbados Dollar,IN
162,2017-07-01,0,Barbados Dollar,IN
163,2017-08-01,0,Barbados Dollar,IN
164,2017-09-01,0,Barbados Dollar,IN
165,2017-10-01,0,Barbados Dollar,IN
166,2017-11-01,0,Barbados Dollar,IN
167,2017-12-01,0,Barbados Dollar,IN
168,2018-01-01,0,Barbados Dollar,IN
169,2018-02-01,0,Barbados Dollar,IN
170,2018-03-01,0,Barbados Dollar,IN
171,2018-04-01,0,Barbados Dollar,IN
172,2018-05-01,0,Barbados Dollar,IN
173,2018-06-01,0,Barbados Dollar,IN
174,2018-07-01,0,Barbados Dollar,IN
175,2018-08-01,0,Barbados Dollar,IN
176,2018-09-01,0,Barbados Dollar,IN
177,2018-10-01,0,Barbados Dollar,IN
178,2018-11-01,0,Barbados Dollar,IN
179,2018-12-01,0,Barbados Dollar,IN
180,2019-01-01,0,Barbados Dollar,IN
181,2019-02-01,0,Barbados Dollar,IN
182,2019-03-01,0,Barbados Dollar,IN
183,2019-04-01,1,Barbados Dollar,IN
184,2019-05-01,0,Barbados Dollar,IN
185,2019-06-01,0,Barbados Dollar,IN
186,2019-07-01,0,Barbados Dollar,IN
187,2019-08-01,0,Barbados Dollar,IN
188,2019-09-01,0,Barbados Dollar,IN
189,2019-10-01,0,Barbados Dollar,IN
190,2019-11-01,0,Barbados Dollar,IN
191,2019-12-01,0,Barbados Dollar,IN
192,2020-01-01,0,Barbados Dollar,IN
193,2020-02-01,0,Barbados Dollar,IN
194,2020-03-01,0,Barbados Dollar,IN
195,2020-04-01,0,Barbados Dollar,IN
196,2020-05-01,0,Barbados Dollar,IN
197,2020-06-01,0,Barbados Dollar,IN
198,2020-07-01,0,Barbados Dollar,IN
199,2020-08-01,0,Barbados Dollar,IN
200,2020-09-01,0,Barbados Dollar,IN
201,2020-10-01,0,Barbados Dollar,IN
202,2020-11-01,0,Barbados Dollar,IN
203,2020-12-01,0,Barbados Dollar,IN
204,2021-01-01,0,Barbados Dollar,IN
205,2021-02-01,0,Barbados Dollar,IN
206,2021-03-01,0,Barbados Dollar,IN
207,2021-04-01,0,Barbados Dollar,IN
208,2021-05-01,0,Barbados Dollar,IN
209,2021-06-01,0,Barbados Dollar,IN
210,2021-07-01,0,Barbados Dollar,IN
211,2021-08-01,0,Barbados Dollar,IN
212,2021-09-01,0,Barbados Dollar,IN
213,2021-10-01,0,Barbados Dollar,IN
214,2021-11-01,0,Barbados Dollar,IN
215,2021-12-01,0,Barbados Dollar,IN
216,2022-01-01,0,Barbados Dollar,IN
217,2022-02-01,0,Barbados Dollar,IN
218,2022-03-01,0,Barbados Dollar,IN
219,2022-04-01,0,Barbados Dollar,IN
220,2022-05-01,0,Barbados Dollar,IN
221,2022-06-01,0,Barbados Dollar,IN
222,2022-07-01,0,Barbados Dollar,IN
223,2022-08-01,0,Barbados Dollar,IN
224,2022-09-01,0,Barbados Dollar,IN
225,2022-10-01,0,Barbados Dollar,IN
226,2022-11-01,0,Barbados Dollar,IN
227,2022-12-01,0,Barbados Dollar,IN
228,2023-01-01,0,Barbados Dollar,IN
229,2023-02-01,0,Barbados Dollar,IN
230,2023-03-01,0,Barbados Dollar,IN
231,2023-04-01,0,Barbados Dollar,IN
232,2023-05-01,0,Barbados Dollar,IN
0,2004-01-01,0,Barbados Dollar,JM
1,2004-02-01,0,Barbados Dollar,JM
2,2004-03-01,0,Barbados Dollar,JM
3,2004-04-01,0,Barbados Dollar,JM
4,2004-05-01,0,Barbados Dollar,JM
5,2004-06-01,69,Barbados Dollar,JM
6,2004-07-01,0,Barbados Dollar,JM
7,2004-08-01,0,Barbados Dollar,JM
8,2004-09-01,100,Barbados Dollar,JM
9,2004-10-01,0,Barbados Dollar,JM
10,2004-11-01,0,Barbados Dollar,JM
11,2004-12-01,0,Barbados Dollar,JM
12,2005-01-01,46,Barbados Dollar,JM
13,2005-02-01,0,Barbados Dollar,JM
14,2005-03-01,0,Barbados Dollar,JM
15,2005-04-01,0,Barbados Dollar,JM
16,2005-05-01,0,Barbados Dollar,JM
17,2005-06-01,0,Barbados Dollar,JM
18,2005-07-01,0,Barbados Dollar,JM
19,2005-08-01,0,Barbados Dollar,JM
20,2005-09-01,43,Barbados Dollar,JM
21,2005-10-01,0,Barbados Dollar,JM
22,2005-11-01,0,Barbados Dollar,JM
23,2005-12-01,0,Barbados Dollar,JM
24,2006-01-01,16,Barbados Dollar,JM
25,2006-02-01,0,Barbados Dollar,JM
26,2006-03-01,12,Barbados Dollar,JM
27,2006-04-01,0,Barbados Dollar,JM
28,2006-05-01,0,Barbados Dollar,JM
29,2006-06-01,0,Barbados Dollar,JM
30,2006-07-01,35,Barbados Dollar,JM
31,2006-08-01,24,Barbados Dollar,JM
32,2006-09-01,0,Barbados Dollar,JM
33,2006-10-01,0,Barbados Dollar,JM
34,2006-11-01,0,Barbados Dollar,JM
35,2006-12-01,0,Barbados Dollar,JM
36,2007-01-01,0,Barbados Dollar,JM
37,2007-02-01,0,Barbados Dollar,JM
38,2007-03-01,0,Barbados Dollar,JM
39,2007-04-01,0,Barbados Dollar,JM
40,2007-05-01,22,Barbados Dollar,JM
41,2007-06-01,0,Barbados Dollar,JM
42,2007-07-01,0,Barbados Dollar,JM
43,2007-08-01,0,Barbados Dollar,JM
44,2007-09-01,0,Barbados Dollar,JM
45,2007-10-01,0,Barbados Dollar,JM
46,2007-11-01,0,Barbados Dollar,JM
47,2007-12-01,0,Barbados Dollar,JM
48,2008-01-01,0,Barbados Dollar,JM
49,2008-02-01,0,Barbados Dollar,JM
50,2008-03-01,0,Barbados Dollar,JM
51,2008-04-01,0,Barbados Dollar,JM
52,2008-05-01,0,Barbados Dollar,JM
53,2008-06-01,0,Barbados Dollar,JM
54,2008-07-01,0,Barbados Dollar,JM
55,2008-08-01,0,Barbados Dollar,JM
56,2008-09-01,0,Barbados Dollar,JM
57,2008-10-01,8,Barbados Dollar,JM
58,2008-11-01,7,Barbados Dollar,JM
59,2008-12-01,0,Barbados Dollar,JM
60,2009-01-01,0,Barbados Dollar,JM
61,2009-02-01,0,Barbados Dollar,JM
62,2009-03-01,0,Barbados Dollar,JM
63,2009-04-01,0,Barbados Dollar,JM
64,2009-05-01,11,Barbados Dollar,JM
65,2009-06-01,0,Barbados Dollar,JM
66,2009-07-01,4,Barbados Dollar,JM
67,2009-08-01,0,Barbados Dollar,JM
68,2009-09-01,0,Barbados Dollar,JM
69,2009-10-01,0,Barbados Dollar,JM
70,2009-11-01,0,Barbados Dollar,JM
71,2009-12-01,0,Barbados Dollar,JM
72,2010-01-01,7,Barbados Dollar,JM
73,2010-02-01,0,Barbados Dollar,JM
74,2010-03-01,0,Barbados Dollar,JM
75,2010-04-01,3,Barbados Dollar,JM
76,2010-05-01,0,Barbados Dollar,JM
77,2010-06-01,0,Barbados Dollar,JM
78,2010-07-01,3,Barbados Dollar,JM
79,2010-08-01,6,Barbados Dollar,JM
80,2010-09-01,0,Barbados Dollar,JM
81,2010-10-01,4,Barbados Dollar,JM
82,2010-11-01,0,Barbados Dollar,JM
83,2010-12-01,0,Barbados Dollar,JM
84,2011-01-01,0,Barbados Dollar,JM
85,2011-02-01,5,Barbados Dollar,JM
86,2011-03-01,0,Barbados Dollar,JM
87,2011-04-01,0,Barbados Dollar,JM
88,2011-05-01,0,Barbados Dollar,JM
89,2011-06-01,0,Barbados Dollar,JM
90,2011-07-01,2,Barbados Dollar,JM
91,2011-08-01,0,Barbados Dollar,JM
92,2011-09-01,0,Barbados Dollar,JM
93,2011-10-01,0,Barbados Dollar,JM
94,2011-11-01,0,Barbados Dollar,JM
95,2011-12-01,0,Barbados Dollar,JM
96,2012-01-01,0,Barbados Dollar,JM
97,2012-02-01,0,Barbados Dollar,JM
98,2012-03-01,0,Barbados Dollar,JM
99,2012-04-01,0,Barbados Dollar,JM
100,2012-05-01,0,Barbados Dollar,JM
101,2012-06-01,0,Barbados Dollar,JM
102,2012-07-01,2,Barbados Dollar,JM
103,2012-08-01,0,Barbados Dollar,JM
104,2012-09-01,0,Barbados Dollar,JM
105,2012-10-01,2,Barbados Dollar,JM
106,2012-11-01,2,Barbados Dollar,JM
107,2012-12-01,2,Barbados Dollar,JM
108,2013-01-01,0,Barbados Dollar,JM
109,2013-02-01,0,Barbados Dollar,JM
110,2013-03-01,0,Barbados Dollar,JM
111,2013-04-01,0,Barbados Dollar,JM
112,2013-05-01,2,Barbados Dollar,JM
113,2013-06-01,0,Barbados Dollar,JM
114,2013-07-01,0,Barbados Dollar,JM
115,2013-08-01,0,Barbados Dollar,JM
116,2013-09-01,0,Barbados Dollar,JM
117,2013-10-01,0,Barbados Dollar,JM
118,2013-11-01,1,Barbados Dollar,JM
119,2013-12-01,0,Barbados Dollar,JM
120,2014-01-01,0,Barbados Dollar,JM
121,2014-02-01,1,Barbados Dollar,JM
122,2014-03-01,0,Barbados Dollar,JM
123,2014-04-01,0,Barbados Dollar,JM
124,2014-05-01,0,Barbados Dollar,JM
125,2014-06-01,2,Barbados Dollar,JM
126,2014-07-01,0,Barbados Dollar,JM
127,2014-08-01,1,Barbados Dollar,JM
128,2014-09-01,0,Barbados Dollar,JM
129,2014-10-01,0,Barbados Dollar,JM
130,2014-11-01,0,Barbados Dollar,JM
131,2014-12-01,0,Barbados Dollar,JM
132,2015-01-01,0,Barbados Dollar,JM
133,2015-02-01,0,Barbados Dollar,JM
134,2015-03-01,0,Barbados Dollar,JM
135,2015-04-01,0,Barbados Dollar,JM
136,2015-05-01,0,Barbados Dollar,JM
137,2015-06-01,0,Barbados Dollar,JM
138,2015-07-01,0,Barbados Dollar,JM
139,2015-08-01,0,Barbados Dollar,JM
140,2015-09-01,0,Barbados Dollar,JM
141,2015-10-01,0,Barbados Dollar,JM
142,2015-11-01,0,Barbados Dollar,JM
143,2015-12-01,1,Barbados Dollar,JM
144,2016-01-01,0,Barbados Dollar,JM
145,2016-02-01,0,Barbados Dollar,JM
146,2016-03-01,0,Barbados Dollar,JM
147,2016-04-01,1,Barbados Dollar,JM
148,2016-05-01,0,Barbados Dollar,JM
149,2016-06-01,0,Barbados Dollar,JM
150,2016-07-01,0,Barbados Dollar,JM
151,2016-08-01,0,Barbados Dollar,JM
152,2016-09-01,0,Barbados Dollar,JM
153,2016-10-01,1,Barbados Dollar,JM
154,2016-11-01,0,Barbados Dollar,JM
155,2016-12-01,0,Barbados Dollar,JM
156,2017-01-01,0,Barbados Dollar,JM
157,2017-02-01,0,Barbados Dollar,JM
158,2017-03-01,1,Barbados Dollar,JM
159,2017-04-01,0,Barbados Dollar,JM
160,2017-05-01,2,Barbados Dollar,JM
161,2017-06-01,2,Barbados Dollar,JM
162,2017-07-01,0,Barbados Dollar,JM
163,2017-08-01,0,Barbados Dollar,JM
164,2017-09-01,0,Barbados Dollar,JM
165,2017-10-01,0,Barbados Dollar,JM
166,2017-11-01,1,Barbados Dollar,JM
167,2017-12-01,0,Barbados Dollar,JM
168,2018-01-01,0,Barbados Dollar,JM
169,2018-02-01,0,Barbados Dollar,JM
170,2018-03-01,0,Barbados Dollar,JM
171,2018-04-01,0,Barbados Dollar,JM
172,2018-05-01,0,Barbados Dollar,JM
173,2018-06-01,0,Barbados Dollar,JM
174,2018-07-01,0,Barbados Dollar,JM
175,2018-08-01,2,Barbados Dollar,JM
176,2018-09-01,0,Barbados Dollar,JM
177,2018-10-01,3,Barbados Dollar,JM
178,2018-11-01,1,Barbados Dollar,JM
179,2018-12-01,0,Barbados Dollar,JM
180,2019-01-01,1,Barbados Dollar,JM
181,2019-02-01,0,Barbados Dollar,JM
182,2019-03-01,2,Barbados Dollar,JM
183,2019-04-01,0,Barbados Dollar,JM
184,2019-05-01,0,Barbados Dollar,JM
185,2019-06-01,0,Barbados Dollar,JM
186,2019-07-01,1,Barbados Dollar,JM
187,2019-08-01,0,Barbados Dollar,JM
188,2019-09-01,0,Barbados Dollar,JM
189,2019-10-01,1,Barbados Dollar,JM
190,2019-11-01,1,Barbados Dollar,JM
191,2019-12-01,0,Barbados Dollar,JM
192,2020-01-01,0,Barbados Dollar,JM
193,2020-02-01,0,Barbados Dollar,JM
194,2020-03-01,0,Barbados Dollar,JM
195,2020-04-01,0,Barbados Dollar,JM
196,2020-05-01,0,Barbados Dollar,JM
197,2020-06-01,1,Barbados Dollar,JM
198,2020-07-01,1,Barbados Dollar,JM
199,2020-08-01,1,Barbados Dollar,JM
200,2020-09-01,1,Barbados Dollar,JM
201,2020-10-01,1,Barbados Dollar,JM
202,2020-11-01,0,Barbados Dollar,JM
203,2020-12-01,1,Barbados Dollar,JM
204,2021-01-01,0,Barbados Dollar,JM
205,2021-02-01,0,Barbados Dollar,JM
206,2021-03-01,1,Barbados Dollar,JM
207,2021-04-01,0,Barbados Dollar,JM
208,2021-05-01,0,Barbados Dollar,JM
209,2021-06-01,0,Barbados Dollar,JM
210,2021-07-01,0,Barbados Dollar,JM
211,2021-08-01,0,Barbados Dollar,JM
212,2021-09-01,0,Barbados Dollar,JM
213,2021-10-01,0,Barbados Dollar,JM
214,2021-11-01,1,Barbados Dollar,JM
215,2021-12-01,0,Barbados Dollar,JM
216,2022-01-01,2,Barbados Dollar,JM
217,2022-02-01,1,Barbados Dollar,JM
218,2022-03-01,1,Barbados Dollar,JM
219,2022-04-01,0,Barbados Dollar,JM
220,2022-05-01,1,Barbados Dollar,JM
221,2022-06-01,0,Barbados Dollar,JM
222,2022-07-01,1,Barbados Dollar,JM
223,2022-08-01,1,Barbados Dollar,JM
224,2022-09-01,0,Barbados Dollar,JM
225,2022-10-01,1,Barbados Dollar,JM
226,2022-11-01,0,Barbados Dollar,JM
227,2022-12-01,0,Barbados Dollar,JM
228,2023-01-01,0,Barbados Dollar,JM
229,2023-02-01,1,Barbados Dollar,JM
230,2023-03-01,0,Barbados Dollar,JM
231,2023-04-01,0,Barbados Dollar,JM
232,2023-05-01,0,Barbados Dollar,JM
0,2004-01-01,0,Barbados Dollar,NL
1,2004-02-01,0,Barbados Dollar,NL
2,2004-03-01,0,Barbados Dollar,NL
3,2004-04-01,0,Barbados Dollar,NL
4,2004-05-01,0,Barbados Dollar,NL
5,2004-06-01,0,Barbados Dollar,NL
6,2004-07-01,100,Barbados Dollar,NL
7,2004-08-01,0,Barbados Dollar,NL
8,2004-09-01,0,Barbados Dollar,NL
9,2004-10-01,0,Barbados Dollar,NL
10,2004-11-01,0,Barbados Dollar,NL
11,2004-12-01,0,Barbados Dollar,NL
12,2005-01-01,52,Barbados Dollar,NL
13,2005-02-01,0,Barbados Dollar,NL
14,2005-03-01,0,Barbados Dollar,NL
15,2005-04-01,0,Barbados Dollar,NL
16,2005-05-01,0,Barbados Dollar,NL
17,2005-06-01,0,Barbados Dollar,NL
18,2005-07-01,0,Barbados Dollar,NL
19,2005-08-01,0,Barbados Dollar,NL
20,2005-09-01,0,Barbados Dollar,NL
21,2005-10-01,27,Barbados Dollar,NL
22,2005-11-01,71,Barbados Dollar,NL
23,2005-12-01,0,Barbados Dollar,NL
24,2006-01-01,24,Barbados Dollar,NL
25,2006-02-01,0,Barbados Dollar,NL
26,2006-03-01,0,Barbados Dollar,NL
27,2006-04-01,0,Barbados Dollar,NL
28,2006-05-01,0,Barbados Dollar,NL
29,2006-06-01,35,Barbados Dollar,NL
30,2006-07-01,0,Barbados Dollar,NL
31,2006-08-01,0,Barbados Dollar,NL
32,2006-09-01,47,Barbados Dollar,NL
33,2006-10-01,0,Barbados Dollar,NL
34,2006-11-01,0,Barbados Dollar,NL
35,2006-12-01,39,Barbados Dollar,NL
36,2007-01-01,0,Barbados Dollar,NL
37,2007-02-01,71,Barbados Dollar,NL
38,2007-03-01,0,Barbados Dollar,NL
39,2007-04-01,0,Barbados Dollar,NL
40,2007-05-01,0,Barbados Dollar,NL
41,2007-06-01,13,Barbados Dollar,NL
42,2007-07-01,15,Barbados Dollar,NL
43,2007-08-01,0,Barbados Dollar,NL
44,2007-09-01,0,Barbados Dollar,NL
45,2007-10-01,0,Barbados Dollar,NL
46,2007-11-01,0,Barbados Dollar,NL
47,2007-12-01,0,Barbados Dollar,NL
48,2008-01-01,0,Barbados Dollar,NL
49,2008-02-01,0,Barbados Dollar,NL
50,2008-03-01,11,Barbados Dollar,NL
51,2008-04-01,0,Barbados Dollar,NL
52,2008-05-01,0,Barbados Dollar,NL
53,2008-06-01,0,Barbados Dollar,NL
54,2008-07-01,23,Barbados Dollar,NL
55,2008-08-01,20,Barbados Dollar,NL
56,2008-09-01,16,Barbados Dollar,NL
57,2008-10-01,0,Barbados Dollar,NL
58,2008-11-01,0,Barbados Dollar,NL
59,2008-12-01,0,Barbados Dollar,NL
60,2009-01-01,0,Barbados Dollar,NL
61,2009-02-01,0,Barbados Dollar,NL
62,2009-03-01,0,Barbados Dollar,NL
63,2009-04-01,0,Barbados Dollar,NL
64,2009-05-01,0,Barbados Dollar,NL
65,2009-06-01,0,Barbados Dollar,NL
66,2009-07-01,0,Barbados Dollar,NL
67,2009-08-01,0,Barbados Dollar,NL
68,2009-09-01,0,Barbados Dollar,NL
69,2009-10-01,0,Barbados Dollar,NL
70,2009-11-01,0,Barbados Dollar,NL
71,2009-12-01,0,Barbados Dollar,NL
72,2010-01-01,0,Barbados Dollar,NL
73,2010-02-01,0,Barbados Dollar,NL
74,2010-03-01,0,Barbados Dollar,NL
75,2010-04-01,0,Barbados Dollar,NL
76,2010-05-01,0,Barbados Dollar,NL
77,2010-06-01,0,Barbados Dollar,NL
78,2010-07-01,0,Barbados Dollar,NL
79,2010-08-01,0,Barbados Dollar,NL
80,2010-09-01,0,Barbados Dollar,NL
81,2010-10-01,0,Barbados Dollar,NL
82,2010-11-01,0,Barbados Dollar,NL
83,2010-12-01,26,Barbados Dollar,NL
84,2011-01-01,0,Barbados Dollar,NL
85,2011-02-01,11,Barbados Dollar,NL
86,2011-03-01,0,Barbados Dollar,NL
87,2011-04-01,0,Barbados Dollar,NL
88,2011-05-01,0,Barbados Dollar,NL
89,2011-06-01,0,Barbados Dollar,NL
90,2011-07-01,0,Barbados Dollar,NL
91,2011-08-01,0,Barbados Dollar,NL
92,2011-09-01,8,Barbados Dollar,NL
93,2011-10-01,0,Barbados Dollar,NL
94,2011-11-01,0,Barbados Dollar,NL
95,2011-12-01,0,Barbados Dollar,NL
96,2012-01-01,0,Barbados Dollar,NL
97,2012-02-01,0,Barbados Dollar,NL
98,2012-03-01,0,Barbados Dollar,NL
99,2012-04-01,0,Barbados Dollar,NL
100,2012-05-01,6,Barbados Dollar,NL
101,2012-06-01,0,Barbados Dollar,NL
102,2012-07-01,0,Barbados Dollar,NL
103,2012-08-01,0,Barbados Dollar,NL
104,2012-09-01,0,Barbados Dollar,NL
105,2012-10-01,0,Barbados Dollar,NL
106,2012-11-01,0,Barbados Dollar,NL
107,2012-12-01,0,Barbados Dollar,NL
108,2013-01-01,0,Barbados Dollar,NL
109,2013-02-01,0,Barbados Dollar,NL
110,2013-03-01,0,Barbados Dollar,NL
111,2013-04-01,0,Barbados Dollar,NL
112,2013-05-01,0,Barbados Dollar,NL
113,2013-06-01,0,Barbados Dollar,NL
114,2013-07-01,0,Barbados Dollar,NL
115,2013-08-01,6,Barbados Dollar,NL
116,2013-09-01,0,Barbados Dollar,NL
117,2013-10-01,0,Barbados Dollar,NL
118,2013-11-01,0,Barbados Dollar,NL
119,2013-12-01,0,Barbados Dollar,NL
120,2014-01-01,3,Barbados Dollar,NL
121,2014-02-01,5,Barbados Dollar,NL
122,2014-03-01,0,Barbados Dollar,NL
123,2014-04-01,0,Barbados Dollar,NL
124,2014-05-01,0,Barbados Dollar,NL
125,2014-06-01,0,Barbados Dollar,NL
126,2014-07-01,0,Barbados Dollar,NL
127,2014-08-01,4,Barbados Dollar,NL
128,2014-09-01,5,Barbados Dollar,NL
129,2014-10-01,0,Barbados Dollar,NL
130,2014-11-01,5,Barbados Dollar,NL
131,2014-12-01,0,Barbados Dollar,NL
132,2015-01-01,0,Barbados Dollar,NL
133,2015-02-01,0,Barbados Dollar,NL
134,2015-03-01,4,Barbados Dollar,NL
135,2015-04-01,5,Barbados Dollar,NL
136,2015-05-01,0,Barbados Dollar,NL
137,2015-06-01,3,Barbados Dollar,NL
138,2015-07-01,0,Barbados Dollar,NL
139,2015-08-01,0,Barbados Dollar,NL
140,2015-09-01,0,Barbados Dollar,NL
141,2015-10-01,0,Barbados Dollar,NL
142,2015-11-01,0,Barbados Dollar,NL
143,2015-12-01,9,Barbados Dollar,NL
144,2016-01-01,0,Barbados Dollar,NL
145,2016-02-01,4,Barbados Dollar,NL
146,2016-03-01,0,Barbados Dollar,NL
147,2016-04-01,0,Barbados Dollar,NL
148,2016-05-01,0,Barbados Dollar,NL
149,2016-06-01,0,Barbados Dollar,NL
150,2016-07-01,0,Barbados Dollar,NL
151,2016-08-01,0,Barbados Dollar,NL
152,2016-09-01,0,Barbados Dollar,NL
153,2016-10-01,0,Barbados Dollar,NL
154,2016-11-01,0,Barbados Dollar,NL
155,2016-12-01,0,Barbados Dollar,NL
156,2017-01-01,0,Barbados Dollar,NL
157,2017-02-01,0,Barbados Dollar,NL
158,2017-03-01,0,Barbados Dollar,NL
159,2017-04-01,4,Barbados Dollar,NL
160,2017-05-01,0,Barbados Dollar,NL
161,2017-06-01,0,Barbados Dollar,NL
162,2017-07-01,0,Barbados Dollar,NL
163,2017-08-01,0,Barbados Dollar,NL
164,2017-09-01,0,Barbados Dollar,NL
165,2017-10-01,0,Barbados Dollar,NL
166,2017-11-01,0,Barbados Dollar,NL
167,2017-12-01,0,Barbados Dollar,NL
168,2018-01-01,0,Barbados Dollar,NL
169,2018-02-01,0,Barbados Dollar,NL
170,2018-03-01,0,Barbados Dollar,NL
171,2018-04-01,0,Barbados Dollar,NL
172,2018-05-01,0,Barbados Dollar,NL
173,2018-06-01,0,Barbados Dollar,NL
174,2018-07-01,5,Barbados Dollar,NL
175,2018-08-01,0,Barbados Dollar,NL
176,2018-09-01,0,Barbados Dollar,NL
177,2018-10-01,21,Barbados Dollar,NL
178,2018-11-01,5,Barbados Dollar,NL
179,2018-12-01,0,Barbados Dollar,NL
180,2019-01-01,0,Barbados Dollar,NL
181,2019-02-01,0,Barbados Dollar,NL
182,2019-03-01,0,Barbados Dollar,NL
183,2019-04-01,0,Barbados Dollar,NL
184,2019-05-01,0,Barbados Dollar,NL
185,2019-06-01,0,Barbados Dollar,NL
186,2019-07-01,7,Barbados Dollar,NL
187,2019-08-01,0,Barbados Dollar,NL
188,2019-09-01,0,Barbados Dollar,NL
189,2019-10-01,0,Barbados Dollar,NL
190,2019-11-01,0,Barbados Dollar,NL
191,2019-12-01,0,Barbados Dollar,NL
192,2020-01-01,0,Barbados Dollar,NL
193,2020-02-01,0,Barbados Dollar,NL
194,2020-03-01,0,Barbados Dollar,NL
195,2020-04-01,0,Barbados Dollar,NL
196,2020-05-01,6,Barbados Dollar,NL
197,2020-06-01,0,Barbados Dollar,NL
198,2020-07-01,0,Barbados Dollar,NL
199,2020-08-01,0,Barbados Dollar,NL
200,2020-09-01,0,Barbados Dollar,NL
201,2020-10-01,4,Barbados Dollar,NL
202,2020-11-01,0,Barbados Dollar,NL
203,2020-12-01,0,Barbados Dollar,NL
204,2021-01-01,0,Barbados Dollar,NL
205,2021-02-01,0,Barbados Dollar,NL
206,2021-03-01,0,Barbados Dollar,NL
207,2021-04-01,0,Barbados Dollar,NL
208,2021-05-01,7,Barbados Dollar,NL
209,2021-06-01,0,Barbados Dollar,NL
210,2021-07-01,0,Barbados Dollar,NL
211,2021-08-01,0,Barbados Dollar,NL
212,2021-09-01,0,Barbados Dollar,NL
213,2021-10-01,0,Barbados Dollar,NL
214,2021-11-01,0,Barbados Dollar,NL
215,2021-12-01,0,Barbados Dollar,NL
216,2022-01-01,0,Barbados Dollar,NL
217,2022-02-01,0,Barbados Dollar,NL
218,2022-03-01,0,Barbados Dollar,NL
219,2022-04-01,0,Barbados Dollar,NL
220,2022-05-01,0,Barbados Dollar,NL
221,2022-06-01,3,Barbados Dollar,NL
222,2022-07-01,0,Barbados Dollar,NL
223,2022-08-01,5,Barbados Dollar,NL
224,2022-09-01,0,Barbados Dollar,NL
225,2022-10-01,0,Barbados Dollar,NL
226,2022-11-01,0,Barbados Dollar,NL
227,2022-12-01,0,Barbados Dollar,NL
228,2023-01-01,0,Barbados Dollar,NL
229,2023-02-01,0,Barbados Dollar,NL
230,2023-03-01,0,Barbados Dollar,NL
231,2023-04-01,0,Barbados Dollar,NL
232,2023-05-01,0,Barbados Dollar,NL
0,2004-01-01,0,Barbados Dollar,NG
1,2004-02-01,46,Barbados Dollar,NG
2,2004-03-01,0,Barbados Dollar,NG
3,2004-04-01,35,Barbados Dollar,NG
4,2004-05-01,0,Barbados Dollar,NG
5,2004-06-01,94,Barbados Dollar,NG
6,2004-07-01,0,Barbados Dollar,NG
7,2004-08-01,100,Barbados Dollar,NG
8,2004-09-01,0,Barbados Dollar,NG
9,2004-10-01,0,Barbados Dollar,NG
10,2004-11-01,0,Barbados Dollar,NG
11,2004-12-01,24,Barbados Dollar,NG
12,2005-01-01,0,Barbados Dollar,NG
13,2005-02-01,0,Barbados Dollar,NG
14,2005-03-01,0,Barbados Dollar,NG
15,2005-04-01,0,Barbados Dollar,NG
16,2005-05-01,0,Barbados Dollar,NG
17,2005-06-01,0,Barbados Dollar,NG
18,2005-07-01,0,Barbados Dollar,NG
19,2005-08-01,0,Barbados Dollar,NG
20,2005-09-01,0,Barbados Dollar,NG
21,2005-10-01,0,Barbados Dollar,NG
22,2005-11-01,38,Barbados Dollar,NG
23,2005-12-01,0,Barbados Dollar,NG
24,2006-01-01,0,Barbados Dollar,NG
25,2006-02-01,0,Barbados Dollar,NG
26,2006-03-01,0,Barbados Dollar,NG
27,2006-04-01,0,Barbados Dollar,NG
28,2006-05-01,0,Barbados Dollar,NG
29,2006-06-01,0,Barbados Dollar,NG
30,2006-07-01,0,Barbados Dollar,NG
31,2006-08-01,0,Barbados Dollar,NG
32,2006-09-01,0,Barbados Dollar,NG
33,2006-10-01,0,Barbados Dollar,NG
34,2006-11-01,0,Barbados Dollar,NG
35,2006-12-01,0,Barbados Dollar,NG
36,2007-01-01,0,Barbados Dollar,NG
37,2007-02-01,0,Barbados Dollar,NG
38,2007-03-01,0,Barbados Dollar,NG
39,2007-04-01,0,Barbados Dollar,NG
40,2007-05-01,0,Barbados Dollar,NG
41,2007-06-01,0,Barbados Dollar,NG
42,2007-07-01,0,Barbados Dollar,NG
43,2007-08-01,0,Barbados Dollar,NG
44,2007-09-01,0,Barbados Dollar,NG
45,2007-10-01,0,Barbados Dollar,NG
46,2007-11-01,6,Barbados Dollar,NG
47,2007-12-01,0,Barbados Dollar,NG
48,2008-01-01,0,Barbados Dollar,NG
49,2008-02-01,5,Barbados Dollar,NG
50,2008-03-01,0,Barbados Dollar,NG
51,2008-04-01,0,Barbados Dollar,NG
52,2008-05-01,6,Barbados Dollar,NG
53,2008-06-01,0,Barbados Dollar,NG
54,2008-07-01,0,Barbados Dollar,NG
55,2008-08-01,0,Barbados Dollar,NG
56,2008-09-01,6,Barbados Dollar,NG
57,2008-10-01,0,Barbados Dollar,NG
58,2008-11-01,5,Barbados Dollar,NG
59,2008-12-01,0,Barbados Dollar,NG
60,2009-01-01,15,Barbados Dollar,NG
61,2009-02-01,0,Barbados Dollar,NG
62,2009-03-01,0,Barbados Dollar,NG
63,2009-04-01,4,Barbados Dollar,NG
64,2009-05-01,4,Barbados Dollar,NG
65,2009-06-01,5,Barbados Dollar,NG
66,2009-07-01,0,Barbados Dollar,NG
67,2009-08-01,10,Barbados Dollar,NG
68,2009-09-01,8,Barbados Dollar,NG
69,2009-10-01,0,Barbados Dollar,NG
70,2009-11-01,0,Barbados Dollar,NG
71,2009-12-01,0,Barbados Dollar,NG
72,2010-01-01,4,Barbados Dollar,NG
73,2010-02-01,0,Barbados Dollar,NG
74,2010-03-01,4,Barbados Dollar,NG
75,2010-04-01,3,Barbados Dollar,NG
76,2010-05-01,0,Barbados Dollar,NG
77,2010-06-01,11,Barbados Dollar,NG
78,2010-07-01,0,Barbados Dollar,NG
79,2010-08-01,0,Barbados Dollar,NG
80,2010-09-01,0,Barbados Dollar,NG
81,2010-10-01,0,Barbados Dollar,NG
82,2010-11-01,0,Barbados Dollar,NG
83,2010-12-01,0,Barbados Dollar,NG
84,2011-01-01,0,Barbados Dollar,NG
85,2011-02-01,0,Barbados Dollar,NG
86,2011-03-01,0,Barbados Dollar,NG
87,2011-04-01,1,Barbados Dollar,NG
88,2011-05-01,0,Barbados Dollar,NG
89,2011-06-01,0,Barbados Dollar,NG
90,2011-07-01,2,Barbados Dollar,NG
91,2011-08-01,0,Barbados Dollar,NG
92,2011-09-01,1,Barbados Dollar,NG
93,2011-10-01,0,Barbados Dollar,NG
94,2011-11-01,0,Barbados Dollar,NG
95,2011-12-01,0,Barbados Dollar,NG
96,2012-01-01,0,Barbados Dollar,NG
97,2012-02-01,0,Barbados Dollar,NG
98,2012-03-01,0,Barbados Dollar,NG
99,2012-04-01,0,Barbados Dollar,NG
100,2012-05-01,0,Barbados Dollar,NG
101,2012-06-01,0,Barbados Dollar,NG
102,2012-07-01,0,Barbados Dollar,NG
103,2012-08-01,0,Barbados Dollar,NG
104,2012-09-01,0,Barbados Dollar,NG
105,2012-10-01,0,Barbados Dollar,NG
106,2012-11-01,0,Barbados Dollar,NG
107,2012-12-01,0,Barbados Dollar,NG
108,2013-01-01,0,Barbados Dollar,NG
109,2013-02-01,0,Barbados Dollar,NG
110,2013-03-01,0,Barbados Dollar,NG
111,2013-04-01,0,Barbados Dollar,NG
112,2013-05-01,0,Barbados Dollar,NG
113,2013-06-01,1,Barbados Dollar,NG
114,2013-07-01,0,Barbados Dollar,NG
115,2013-08-01,0,Barbados Dollar,NG
116,2013-09-01,0,Barbados Dollar,NG
117,2013-10-01,0,Barbados Dollar,NG
118,2013-11-01,0,Barbados Dollar,NG
119,2013-12-01,0,Barbados Dollar,NG
120,2014-01-01,0,Barbados Dollar,NG
121,2014-02-01,0,Barbados Dollar,NG
122,2014-03-01,0,Barbados Dollar,NG
123,2014-04-01,0,Barbados Dollar,NG
124,2014-05-01,0,Barbados Dollar,NG
125,2014-06-01,0,Barbados Dollar,NG
126,2014-07-01,0,Barbados Dollar,NG
127,2014-08-01,0,Barbados Dollar,NG
128,2014-09-01,0,Barbados Dollar,NG
129,2014-10-01,0,Barbados Dollar,NG
130,2014-11-01,0,Barbados Dollar,NG
131,2014-12-01,0,Barbados Dollar,NG
132,2015-01-01,0,Barbados Dollar,NG
133,2015-02-01,0,Barbados Dollar,NG
134,2015-03-01,0,Barbados Dollar,NG
135,2015-04-01,1,Barbados Dollar,NG
136,2015-05-01,0,Barbados Dollar,NG
137,2015-06-01,0,Barbados Dollar,NG
138,2015-07-01,0,Barbados Dollar,NG
139,2015-08-01,0,Barbados Dollar,NG
140,2015-09-01,0,Barbados Dollar,NG
141,2015-10-01,0,Barbados Dollar,NG
142,2015-11-01,0,Barbados Dollar,NG
143,2015-12-01,0,Barbados Dollar,NG
144,2016-01-01,0,Barbados Dollar,NG
145,2016-02-01,0,Barbados Dollar,NG
146,2016-03-01,0,Barbados Dollar,NG
147,2016-04-01,0,Barbados Dollar,NG
148,2016-05-01,0,Barbados Dollar,NG
149,2016-06-01,0,Barbados Dollar,NG
150,2016-07-01,0,Barbados Dollar,NG
151,2016-08-01,0,Barbados Dollar,NG
152,2016-09-01,0,Barbados Dollar,NG
153,2016-10-01,0,Barbados Dollar,NG
154,2016-11-01,0,Barbados Dollar,NG
155,2016-12-01,0,Barbados Dollar,NG
156,2017-01-01,0,Barbados Dollar,NG
157,2017-02-01,0,Barbados Dollar,NG
158,2017-03-01,0,Barbados Dollar,NG
159,2017-04-01,0,Barbados Dollar,NG
160,2017-05-01,0,Barbados Dollar,NG
161,2017-06-01,0,Barbados Dollar,NG
162,2017-07-01,0,Barbados Dollar,NG
163,2017-08-01,0,Barbados Dollar,NG
164,2017-09-01,0,Barbados Dollar,NG
165,2017-10-01,0,Barbados Dollar,NG
166,2017-11-01,0,Barbados Dollar,NG
167,2017-12-01,0,Barbados Dollar,NG
168,2018-01-01,0,Barbados Dollar,NG
169,2018-02-01,0,Barbados Dollar,NG
170,2018-03-01,0,Barbados Dollar,NG
171,2018-04-01,0,Barbados Dollar,NG
172,2018-05-01,0,Barbados Dollar,NG
173,2018-06-01,0,Barbados Dollar,NG
174,2018-07-01,0,Barbados Dollar,NG
175,2018-08-01,0,Barbados Dollar,NG
176,2018-09-01,0,Barbados Dollar,NG
177,2018-10-01,0,Barbados Dollar,NG
178,2018-11-01,0,Barbados Dollar,NG
179,2018-12-01,0,Barbados Dollar,NG
180,2019-01-01,0,Barbados Dollar,NG
181,2019-02-01,0,Barbados Dollar,NG
182,2019-03-01,0,Barbados Dollar,NG
183,2019-04-01,0,Barbados Dollar,NG
184,2019-05-01,0,Barbados Dollar,NG
185,2019-06-01,0,Barbados Dollar,NG
186,2019-07-01,0,Barbados Dollar,NG
187,2019-08-01,0,Barbados Dollar,NG
188,2019-09-01,0,Barbados Dollar,NG
189,2019-10-01,0,Barbados Dollar,NG
190,2019-11-01,0,Barbados Dollar,NG
191,2019-12-01,0,Barbados Dollar,NG
192,2020-01-01,0,Barbados Dollar,NG
193,2020-02-01,0,Barbados Dollar,NG
194,2020-03-01,0,Barbados Dollar,NG
195,2020-04-01,0,Barbados Dollar,NG
196,2020-05-01,0,Barbados Dollar,NG
197,2020-06-01,0,Barbados Dollar,NG
198,2020-07-01,0,Barbados Dollar,NG
199,2020-08-01,0,Barbados Dollar,NG
200,2020-09-01,0,Barbados Dollar,NG
201,2020-10-01,0,Barbados Dollar,NG
202,2020-11-01,0,Barbados Dollar,NG
203,2020-12-01,0,Barbados Dollar,NG
204,2021-01-01,0,Barbados Dollar,NG
205,2021-02-01,0,Barbados Dollar,NG
206,2021-03-01,0,Barbados Dollar,NG
207,2021-04-01,0,Barbados Dollar,NG
208,2021-05-01,0,Barbados Dollar,NG
209,2021-06-01,0,Barbados Dollar,NG
210,2021-07-01,0,Barbados Dollar,NG
211,2021-08-01,0,Barbados Dollar,NG
212,2021-09-01,0,Barbados Dollar,NG
213,2021-10-01,0,Barbados Dollar,NG
214,2021-11-01,0,Barbados Dollar,NG
215,2021-12-01,0,Barbados Dollar,NG
216,2022-01-01,0,Barbados Dollar,NG
217,2022-02-01,0,Barbados Dollar,NG
218,2022-03-01,0,Barbados Dollar,NG
219,2022-04-01,0,Barbados Dollar,NG
220,2022-05-01,0,Barbados Dollar,NG
221,2022-06-01,0,Barbados Dollar,NG
222,2022-07-01,0,Barbados Dollar,NG
223,2022-08-01,0,Barbados Dollar,NG
224,2022-09-01,0,Barbados Dollar,NG
225,2022-10-01,0,Barbados Dollar,NG
226,2022-11-01,0,Barbados Dollar,NG
227,2022-12-01,0,Barbados Dollar,NG
228,2023-01-01,0,Barbados Dollar,NG
229,2023-02-01,0,Barbados Dollar,NG
230,2023-03-01,0,Barbados Dollar,NG
231,2023-04-01,0,Barbados Dollar,NG
232,2023-05-01,0,Barbados Dollar,NG
