date,trends_index,keyword,region,keyword_en
2004-01-01,0,دينار بحريني,AE,
2004-02-01,0,دينار بحريني,AE,
2004-03-01,0,دينار بحريني,AE,
2004-04-01,0,دينار بحريني,AE,
2004-05-01,0,دينار بحريني,AE,
2004-06-01,0,دينار بحريني,AE,
2004-07-01,0,دينار بحريني,AE,
2004-08-01,0,دينار بحريني,AE,
2004-09-01,0,دينار بحريني,AE,
2004-10-01,0,دينار بحريني,AE,
2004-11-01,0,دينار بحريني,AE,
2004-12-01,0,دينار بحريني,AE,
2005-01-01,0,دينار بحريني,AE,
2005-02-01,0,دينار بحريني,AE,
2005-03-01,0,دينار بحريني,AE,
2005-04-01,0,دينار بحريني,AE,
2005-05-01,65,دينار بحريني,AE,
2005-06-01,89,دينار بحريني,AE,
2005-07-01,0,دينار بحريني,AE,
2005-08-01,0,دينار بحريني,AE,
2005-09-01,0,دينار بحريني,AE,
2005-10-01,0,دينار بحريني,AE,
2005-11-01,0,دينار بحريني,AE,
2005-12-01,100,دينار بحريني,AE,
2006-01-01,0,دينار بحريني,AE,
2006-02-01,0,دينار بحريني,AE,
2006-03-01,0,دينار بحريني,AE,
2006-04-01,0,دينار بحريني,AE,
2006-05-01,0,دينار بحريني,AE,
2006-06-01,29,دينار بحريني,AE,
2006-07-01,0,دينار بحريني,AE,
2006-08-01,0,دينار بحريني,AE,
2006-09-01,0,دينار بحريني,AE,
2006-10-01,32,دينار بحريني,AE,
2006-11-01,0,دينار بحريني,AE,
2006-12-01,0,دينار بحريني,AE,
2007-01-01,0,دينار بحريني,AE,
2007-02-01,0,دينار بحريني,AE,
2007-03-01,0,دينار بحريني,AE,
2007-04-01,0,دينار بحريني,AE,
2007-05-01,0,دينار بحريني,AE,
2007-06-01,0,دينار بحريني,AE,
2007-07-01,32,دينار بحريني,AE,
2007-08-01,12,دينار بحريني,AE,
2007-09-01,0,دينار بحريني,AE,
2007-10-01,0,دينار بحريني,AE,
2007-11-01,13,دينار بحريني,AE,
2007-12-01,0,دينار بحريني,AE,
2008-01-01,0,دينار بحريني,AE,
2008-02-01,0,دينار بحريني,AE,
2008-03-01,0,دينار بحريني,AE,
2008-04-01,0,دينار بحريني,AE,
2008-05-01,11,دينار بحريني,AE,
2008-06-01,0,دينار بحريني,AE,
2008-07-01,28,دينار بحريني,AE,
2008-08-01,0,دينار بحريني,AE,
2008-09-01,37,دينار بحريني,AE,
2008-10-01,0,دينار بحريني,AE,
2008-11-01,0,دينار بحريني,AE,
2008-12-01,0,دينار بحريني,AE,
2009-01-01,0,دينار بحريني,AE,
2009-02-01,0,دينار بحريني,AE,
2009-03-01,0,دينار بحريني,AE,
2009-04-01,0,دينار بحريني,AE,
2009-05-01,0,دينار بحريني,AE,
2009-06-01,0,دينار بحريني,AE,
2009-07-01,0,دينار بحريني,AE,
2009-08-01,0,دينار بحريني,AE,
2009-09-01,0,دينار بحريني,AE,
2009-10-01,0,دينار بحريني,AE,
2009-11-01,0,دينار بحريني,AE,
2009-12-01,0,دينار بحريني,AE,
2010-01-01,0,دينار بحريني,AE,
2010-02-01,0,دينار بحريني,AE,
2010-03-01,0,دينار بحريني,AE,
2010-04-01,0,دينار بحريني,AE,
2010-05-01,0,دينار بحريني,AE,
2010-06-01,0,دينار بحريني,AE,
2010-07-01,0,دينار بحريني,AE,
2010-08-01,5,دينار بحريني,AE,
2010-09-01,0,دينار بحريني,AE,
2010-10-01,0,دينار بحريني,AE,
2010-11-01,0,دينار بحريني,AE,
2010-12-01,0,دينار بحريني,AE,
2011-01-01,3,دينار بحريني,AE,
2011-02-01,0,دينار بحريني,AE,
2011-03-01,11,دينار بحريني,AE,
2011-04-01,7,دينار بحريني,AE,
2011-05-01,8,دينار بحريني,AE,
2011-06-01,8,دينار بحريني,AE,
2011-07-01,0,دينار بحريني,AE,
2011-08-01,0,دينار بحريني,AE,
2011-09-01,0,دينار بحريني,AE,
2011-10-01,0,دينار بحريني,AE,
2011-11-01,3,دينار بحريني,AE,
2011-12-01,0,دينار بحريني,AE,
2012-01-01,0,دينار بحريني,AE,
2012-02-01,2,دينار بحريني,AE,
2012-03-01,0,دينار بحريني,AE,
2012-04-01,0,دينار بحريني,AE,
2012-05-01,0,دينار بحريني,AE,
2012-06-01,0,دينار بحريني,AE,
2012-07-01,6,دينار بحريني,AE,
2012-08-01,0,دينار بحريني,AE,
2012-09-01,0,دينار بحريني,AE,
2012-10-01,0,دينار بحريني,AE,
2012-11-01,2,دينار بحريني,AE,
2012-12-01,0,دينار بحريني,AE,
2013-01-01,0,دينار بحريني,AE,
2013-02-01,0,دينار بحريني,AE,
2013-03-01,0,دينار بحريني,AE,
2013-04-01,0,دينار بحريني,AE,
2013-05-01,0,دينار بحريني,AE,
2013-06-01,3,دينار بحريني,AE,
2013-07-01,0,دينار بحريني,AE,
2013-08-01,0,دينار بحريني,AE,
2013-09-01,4,دينار بحريني,AE,
2013-10-01,0,دينار بحريني,AE,
2013-11-01,2,دينار بحريني,AE,
2013-12-01,4,دينار بحريني,AE,
2014-01-01,0,دينار بحريني,AE,
2014-02-01,2,دينار بحريني,AE,
2014-03-01,0,دينار بحريني,AE,
2014-04-01,0,دينار بحريني,AE,
2014-05-01,0,دينار بحريني,AE,
2014-06-01,0,دينار بحريني,AE,
2014-07-01,2,دينار بحريني,AE,
2014-08-01,0,دينار بحريني,AE,
2014-09-01,2,دينار بحريني,AE,
2014-10-01,0,دينار بحريني,AE,
2014-11-01,4,دينار بحريني,AE,
2014-12-01,0,دينار بحريني,AE,
2015-01-01,0,دينار بحريني,AE,
2015-02-01,0,دينار بحريني,AE,
2015-03-01,0,دينار بحريني,AE,
2015-04-01,0,دينار بحريني,AE,
2015-05-01,0,دينار بحريني,AE,
2015-06-01,0,دينار بحريني,AE,
2015-07-01,2,دينار بحريني,AE,
2015-08-01,2,دينار بحريني,AE,
2015-09-01,0,دينار بحريني,AE,
2015-10-01,0,دينار بحريني,AE,
2015-11-01,0,دينار بحريني,AE,
2015-12-01,1,دينار بحريني,AE,
2016-01-01,1,دينار بحريني,AE,
2016-02-01,3,دينار بحريني,AE,
2016-03-01,0,دينار بحريني,AE,
2016-04-01,0,دينار بحريني,AE,
2016-05-01,0,دينار بحريني,AE,
2016-06-01,0,دينار بحريني,AE,
2016-07-01,0,دينار بحريني,AE,
2016-08-01,0,دينار بحريني,AE,
2016-09-01,2,دينار بحريني,AE,
2016-10-01,2,دينار بحريني,AE,
2016-11-01,0,دينار بحريني,AE,
2016-12-01,2,دينار بحريني,AE,
2017-01-01,0,دينار بحريني,AE,
2017-02-01,3,دينار بحريني,AE,
2017-03-01,3,دينار بحريني,AE,
2017-04-01,0,دينار بحريني,AE,
2017-05-01,0,دينار بحريني,AE,
2017-06-01,2,دينار بحريني,AE,
2017-07-01,3,دينار بحريني,AE,
2017-08-01,2,دينار بحريني,AE,
2017-09-01,2,دينار بحريني,AE,
2017-10-01,1,دينار بحريني,AE,
2017-11-01,0,دينار بحريني,AE,
2017-12-01,2,دينار بحريني,AE,
2018-01-01,2,دينار بحريني,AE,
2018-02-01,3,دينار بحريني,AE,
2018-03-01,3,دينار بحريني,AE,
2018-04-01,1,دينار بحريني,AE,
2018-05-01,3,دينار بحريني,AE,
2018-06-01,2,دينار بحريني,AE,
2018-07-01,2,دينار بحريني,AE,
2018-08-01,1,دينار بحريني,AE,
2018-09-01,3,دينار بحريني,AE,
2018-10-01,5,دينار بحريني,AE,
2018-11-01,0,دينار بحريني,AE,
2018-12-01,1,دينار بحريني,AE,
2019-01-01,3,دينار بحريني,AE,
2019-02-01,0,دينار بحريني,AE,
2019-03-01,1,دينار بحريني,AE,
2019-04-01,1,دينار بحريني,AE,
2019-05-01,4,دينار بحريني,AE,
2019-06-01,3,دينار بحريني,AE,
2019-07-01,3,دينار بحريني,AE,
2019-08-01,1,دينار بحريني,AE,
2019-09-01,2,دينار بحريني,AE,
2019-10-01,2,دينار بحريني,AE,
2019-11-01,1,دينار بحريني,AE,
2019-12-01,4,دينار بحريني,AE,
2020-01-01,1,دينار بحريني,AE,
2020-02-01,5,دينار بحريني,AE,
2020-03-01,2,دينار بحريني,AE,
2020-04-01,4,دينار بحريني,AE,
2020-05-01,6,دينار بحريني,AE,
2020-06-01,4,دينار بحريني,AE,
2020-07-01,2,دينار بحريني,AE,
2020-08-01,4,دينار بحريني,AE,
2020-09-01,5,دينار بحريني,AE,
2020-10-01,3,دينار بحريني,AE,
2020-11-01,2,دينار بحريني,AE,
2020-12-01,8,دينار بحريني,AE,
2021-01-01,5,دينار بحريني,AE,
2021-02-01,3,دينار بحريني,AE,
2021-03-01,13,دينار بحريني,AE,
2021-04-01,5,دينار بحريني,AE,
2021-05-01,6,دينار بحريني,AE,
2021-06-01,6,دينار بحريني,AE,
2021-07-01,6,دينار بحريني,AE,
2021-08-01,8,دينار بحريني,AE,
2021-09-01,6,دينار بحريني,AE,
2021-10-01,7,دينار بحريني,AE,
2021-11-01,4,دينار بحريني,AE,
2021-12-01,5,دينار بحريني,AE,
2022-01-01,7,دينار بحريني,AE,
2022-02-01,7,دينار بحريني,AE,
2022-03-01,5,دينار بحريني,AE,
2022-04-01,7,دينار بحريني,AE,
2022-05-01,4,دينار بحريني,AE,
2022-06-01,9,دينار بحريني,AE,
2022-07-01,10,دينار بحريني,AE,
2022-08-01,7,دينار بحريني,AE,
2022-09-01,5,دينار بحريني,AE,
2022-10-01,7,دينار بحريني,AE,
2022-11-01,10,دينار بحريني,AE,
2022-12-01,8,دينار بحريني,AE,
2023-01-01,8,دينار بحريني,AE,
2023-02-01,8,دينار بحريني,AE,
2023-03-01,7,دينار بحريني,AE,
2023-04-01,8,دينار بحريني,AE,
2023-05-01,3,دينار بحريني,AE,
2004-01-01,0,بهات,AE,
2004-02-01,82,بهات,AE,
2004-03-01,0,بهات,AE,
2004-04-01,46,بهات,AE,
2004-05-01,0,بهات,AE,
2004-06-01,0,بهات,AE,
2004-07-01,0,بهات,AE,
2004-08-01,0,بهات,AE,
2004-09-01,0,بهات,AE,
2004-10-01,80,بهات,AE,
2004-11-01,50,بهات,AE,
2004-12-01,100,بهات,AE,
2005-01-01,0,بهات,AE,
2005-02-01,0,بهات,AE,
2005-03-01,0,بهات,AE,
2005-04-01,0,بهات,AE,
2005-05-01,0,بهات,AE,
2005-06-01,0,بهات,AE,
2005-07-01,0,بهات,AE,
2005-08-01,0,بهات,AE,
2005-09-01,0,بهات,AE,
2005-10-01,28,بهات,AE,
2005-11-01,0,بهات,AE,
2005-12-01,0,بهات,AE,
2006-01-01,0,بهات,AE,
2006-02-01,0,بهات,AE,
2006-03-01,0,بهات,AE,
2006-04-01,0,بهات,AE,
2006-05-01,0,بهات,AE,
2006-06-01,0,بهات,AE,
2006-07-01,0,بهات,AE,
2006-08-01,44,بهات,AE,
2006-09-01,0,بهات,AE,
2006-10-01,0,بهات,AE,
2006-11-01,0,بهات,AE,
2006-12-01,0,بهات,AE,
2007-01-01,0,بهات,AE,
2007-02-01,0,بهات,AE,
2007-03-01,0,بهات,AE,
2007-04-01,0,بهات,AE,
2007-05-01,7,بهات,AE,
2007-06-01,16,بهات,AE,
2007-07-01,0,بهات,AE,
2007-08-01,0,بهات,AE,
2007-09-01,0,بهات,AE,
2007-10-01,10,بهات,AE,
2007-11-01,14,بهات,AE,
2007-12-01,16,بهات,AE,
2008-01-01,0,بهات,AE,
2008-02-01,0,بهات,AE,
2008-03-01,0,بهات,AE,
2008-04-01,0,بهات,AE,
2008-05-01,0,بهات,AE,
2008-06-01,4,بهات,AE,
2008-07-01,0,بهات,AE,
2008-08-01,0,بهات,AE,
2008-09-01,0,بهات,AE,
2008-10-01,0,بهات,AE,
2008-11-01,0,بهات,AE,
2008-12-01,0,بهات,AE,
2009-01-01,0,بهات,AE,
2009-02-01,0,بهات,AE,
2009-03-01,0,بهات,AE,
2009-04-01,3,بهات,AE,
2009-05-01,0,بهات,AE,
2009-06-01,0,بهات,AE,
2009-07-01,0,بهات,AE,
2009-08-01,3,بهات,AE,
2009-09-01,0,بهات,AE,
2009-10-01,0,بهات,AE,
2009-11-01,0,بهات,AE,
2009-12-01,0,بهات,AE,
2010-01-01,4,بهات,AE,
2010-02-01,0,بهات,AE,
2010-03-01,0,بهات,AE,
2010-04-01,0,بهات,AE,
2010-05-01,0,بهات,AE,
2010-06-01,0,بهات,AE,
2010-07-01,0,بهات,AE,
2010-08-01,0,بهات,AE,
2010-09-01,0,بهات,AE,
2010-10-01,0,بهات,AE,
2010-11-01,0,بهات,AE,
2010-12-01,0,بهات,AE,
2011-01-01,0,بهات,AE,
2011-02-01,0,بهات,AE,
2011-03-01,2,بهات,AE,
2011-04-01,8,بهات,AE,
2011-05-01,0,بهات,AE,
2011-06-01,0,بهات,AE,
2011-07-01,2,بهات,AE,
2011-08-01,0,بهات,AE,
2011-09-01,0,بهات,AE,
2011-10-01,0,بهات,AE,
2011-11-01,1,بهات,AE,
2011-12-01,0,بهات,AE,
2012-01-01,2,بهات,AE,
2012-02-01,0,بهات,AE,
2012-03-01,0,بهات,AE,
2012-04-01,0,بهات,AE,
2012-05-01,0,بهات,AE,
2012-06-01,0,بهات,AE,
2012-07-01,0,بهات,AE,
2012-08-01,2,بهات,AE,
2012-09-01,0,بهات,AE,
2012-10-01,1,بهات,AE,
2012-11-01,0,بهات,AE,
2012-12-01,0,بهات,AE,
2013-01-01,0,بهات,AE,
2013-02-01,0,بهات,AE,
2013-03-01,0,بهات,AE,
2013-04-01,0,بهات,AE,
2013-05-01,2,بهات,AE,
2013-06-01,0,بهات,AE,
2013-07-01,0,بهات,AE,
2013-08-01,0,بهات,AE,
2013-09-01,0,بهات,AE,
2013-10-01,0,بهات,AE,
2013-11-01,1,بهات,AE,
2013-12-01,2,بهات,AE,
2014-01-01,0,بهات,AE,
2014-02-01,1,بهات,AE,
2014-03-01,0,بهات,AE,
2014-04-01,0,بهات,AE,
2014-05-01,1,بهات,AE,
2014-06-01,0,بهات,AE,
2014-07-01,0,بهات,AE,
2014-08-01,1,بهات,AE,
2014-09-01,2,بهات,AE,
2014-10-01,0,بهات,AE,
2014-11-01,1,بهات,AE,
2014-12-01,0,بهات,AE,
2015-01-01,2,بهات,AE,
2015-02-01,0,بهات,AE,
2015-03-01,2,بهات,AE,
2015-04-01,0,بهات,AE,
2015-05-01,0,بهات,AE,
2015-06-01,2,بهات,AE,
2015-07-01,0,بهات,AE,
2015-08-01,2,بهات,AE,
2015-09-01,3,بهات,AE,
2015-10-01,0,بهات,AE,
2015-11-01,0,بهات,AE,
2015-12-01,2,بهات,AE,
2016-01-01,1,بهات,AE,
2016-02-01,1,بهات,AE,
2016-03-01,1,بهات,AE,
2016-04-01,2,بهات,AE,
2016-05-01,2,بهات,AE,
2016-06-01,0,بهات,AE,
2016-07-01,0,بهات,AE,
2016-08-01,2,بهات,AE,
2016-09-01,2,بهات,AE,
2016-10-01,1,بهات,AE,
2016-11-01,2,بهات,AE,
2016-12-01,2,بهات,AE,
2017-01-01,1,بهات,AE,
2017-02-01,0,بهات,AE,
2017-03-01,2,بهات,AE,
2017-04-01,2,بهات,AE,
2017-05-01,1,بهات,AE,
2017-06-01,1,بهات,AE,
2017-07-01,2,بهات,AE,
2017-08-01,1,بهات,AE,
2017-09-01,0,بهات,AE,
2017-10-01,0,بهات,AE,
2017-11-01,1,بهات,AE,
2017-12-01,0,بهات,AE,
2018-01-01,1,بهات,AE,
2018-02-01,2,بهات,AE,
2018-03-01,0,بهات,AE,
2018-04-01,1,بهات,AE,
2018-05-01,0,بهات,AE,
2018-06-01,1,بهات,AE,
2018-07-01,0,بهات,AE,
2018-08-01,1,بهات,AE,
2018-09-01,1,بهات,AE,
2018-10-01,2,بهات,AE,
2018-11-01,0,بهات,AE,
2018-12-01,2,بهات,AE,
2019-01-01,1,بهات,AE,
2019-02-01,1,بهات,AE,
2019-03-01,1,بهات,AE,
2019-04-01,1,بهات,AE,
2019-05-01,0,بهات,AE,
2019-06-01,1,بهات,AE,
2019-07-01,0,بهات,AE,
2019-08-01,0,بهات,AE,
2019-09-01,1,بهات,AE,
2019-10-01,0,بهات,AE,
2019-11-01,0,بهات,AE,
2019-12-01,1,بهات,AE,
2020-01-01,1,بهات,AE,
2020-02-01,0,بهات,AE,
2020-03-01,0,بهات,AE,
2020-04-01,2,بهات,AE,
2020-05-01,0,بهات,AE,
2020-06-01,2,بهات,AE,
2020-07-01,2,بهات,AE,
2020-08-01,1,بهات,AE,
2020-09-01,1,بهات,AE,
2020-10-01,1,بهات,AE,
2020-11-01,1,بهات,AE,
2020-12-01,0,بهات,AE,
2021-01-01,0,بهات,AE,
2021-02-01,0,بهات,AE,
2021-03-01,0,بهات,AE,
2021-04-01,1,بهات,AE,
2021-05-01,0,بهات,AE,
2021-06-01,0,بهات,AE,
2021-07-01,1,بهات,AE,
2021-08-01,1,بهات,AE,
2021-09-01,0,بهات,AE,
2021-10-01,1,بهات,AE,
2021-11-01,1,بهات,AE,
2021-12-01,0,بهات,AE,
2022-01-01,1,بهات,AE,
2022-02-01,1,بهات,AE,
2022-03-01,1,بهات,AE,
2022-04-01,3,بهات,AE,
2022-05-01,2,بهات,AE,
2022-06-01,1,بهات,AE,
2022-07-01,1,بهات,AE,
2022-08-01,2,بهات,AE,
2022-09-01,1,بهات,AE,
2022-10-01,1,بهات,AE,
2022-11-01,1,بهات,AE,
2022-12-01,0,بهات,AE,
2023-01-01,0,بهات,AE,
2023-02-01,0,بهات,AE,
2023-03-01,0,بهات,AE,
2023-04-01,0,بهات,AE,
2023-05-01,2,بهات,AE,
2004-01-01,0,دينار,AE,
2004-02-01,0,دينار,AE,
2004-03-01,0,دينار,AE,
2004-04-01,0,دينار,AE,
2004-05-01,0,دينار,AE,
2004-06-01,0,دينار,AE,
2004-07-01,0,دينار,AE,
2004-08-01,88,دينار,AE,
2004-09-01,0,دينار,AE,
2004-10-01,71,دينار,AE,
2004-11-01,0,دينار,AE,
2004-12-01,0,دينار,AE,
2005-01-01,0,دينار,AE,
2005-02-01,0,دينار,AE,
2005-03-01,0,دينار,AE,
2005-04-01,0,دينار,AE,
2005-05-01,0,دينار,AE,
2005-06-01,0,دينار,AE,
2005-07-01,0,دينار,AE,
2005-08-01,0,دينار,AE,
2005-09-01,0,دينار,AE,
2005-10-01,51,دينار,AE,
2005-11-01,0,دينار,AE,
2005-12-01,32,دينار,AE,
2006-01-01,0,دينار,AE,
2006-02-01,0,دينار,AE,
2006-03-01,62,دينار,AE,
2006-04-01,48,دينار,AE,
2006-05-01,0,دينار,AE,
2006-06-01,0,دينار,AE,
2006-07-01,0,دينار,AE,
2006-08-01,0,دينار,AE,
2006-09-01,0,دينار,AE,
2006-10-01,17,دينار,AE,
2006-11-01,24,دينار,AE,
2006-12-01,0,دينار,AE,
2007-01-01,0,دينار,AE,
2007-02-01,0,دينار,AE,
2007-03-01,0,دينار,AE,
2007-04-01,0,دينار,AE,
2007-05-01,12,دينار,AE,
2007-06-01,0,دينار,AE,
2007-07-01,0,دينار,AE,
2007-08-01,0,دينار,AE,
2007-09-01,0,دينار,AE,
2007-10-01,14,دينار,AE,
2007-11-01,37,دينار,AE,
2007-12-01,0,دينار,AE,
2008-01-01,0,دينار,AE,
2008-02-01,12,دينار,AE,
2008-03-01,7,دينار,AE,
2008-04-01,0,دينار,AE,
2008-05-01,0,دينار,AE,
2008-06-01,0,دينار,AE,
2008-07-01,0,دينار,AE,
2008-08-01,0,دينار,AE,
2008-09-01,0,دينار,AE,
2008-10-01,7,دينار,AE,
2008-11-01,15,دينار,AE,
2008-12-01,8,دينار,AE,
2009-01-01,10,دينار,AE,
2009-02-01,0,دينار,AE,
2009-03-01,0,دينار,AE,
2009-04-01,8,دينار,AE,
2009-05-01,0,دينار,AE,
2009-06-01,4,دينار,AE,
2009-07-01,9,دينار,AE,
2009-08-01,0,دينار,AE,
2009-09-01,7,دينار,AE,
2009-10-01,9,دينار,AE,
2009-11-01,6,دينار,AE,
2009-12-01,4,دينار,AE,
2010-01-01,8,دينار,AE,
2010-02-01,6,دينار,AE,
2010-03-01,3,دينار,AE,
2010-04-01,6,دينار,AE,
2010-05-01,3,دينار,AE,
2010-06-01,5,دينار,AE,
2010-07-01,0,دينار,AE,
2010-08-01,6,دينار,AE,
2010-09-01,0,دينار,AE,
2010-10-01,5,دينار,AE,
2010-11-01,11,دينار,AE,
2010-12-01,0,دينار,AE,
2011-01-01,7,دينار,AE,
2011-02-01,8,دينار,AE,
2011-03-01,0,دينار,AE,
2011-04-01,5,دينار,AE,
2011-05-01,5,دينار,AE,
2011-06-01,17,دينار,AE,
2011-07-01,7,دينار,AE,
2011-08-01,5,دينار,AE,
2011-09-01,3,دينار,AE,
2011-10-01,0,دينار,AE,
2011-11-01,2,دينار,AE,
2011-12-01,0,دينار,AE,
2012-01-01,3,دينار,AE,
2012-02-01,0,دينار,AE,
2012-03-01,5,دينار,AE,
2012-04-01,4,دينار,AE,
2012-05-01,8,دينار,AE,
2012-06-01,2,دينار,AE,
2012-07-01,6,دينار,AE,
2012-08-01,5,دينار,AE,
2012-09-01,4,دينار,AE,
2012-10-01,2,دينار,AE,
2012-11-01,0,دينار,AE,
2012-12-01,4,دينار,AE,
2013-01-01,6,دينار,AE,
2013-02-01,2,دينار,AE,
2013-03-01,5,دينار,AE,
2013-04-01,4,دينار,AE,
2013-05-01,3,دينار,AE,
2013-06-01,7,دينار,AE,
2013-07-01,7,دينار,AE,
2013-08-01,4,دينار,AE,
2013-09-01,7,دينار,AE,
2013-10-01,3,دينار,AE,
2013-11-01,9,دينار,AE,
2013-12-01,10,دينار,AE,
2014-01-01,5,دينار,AE,
2014-02-01,10,دينار,AE,
2014-03-01,7,دينار,AE,
2014-04-01,6,دينار,AE,
2014-05-01,8,دينار,AE,
2014-06-01,8,دينار,AE,
2014-07-01,7,دينار,AE,
2014-08-01,10,دينار,AE,
2014-09-01,8,دينار,AE,
2014-10-01,8,دينار,AE,
2014-11-01,8,دينار,AE,
2014-12-01,5,دينار,AE,
2015-01-01,9,دينار,AE,
2015-02-01,11,دينار,AE,
2015-03-01,7,دينار,AE,
2015-04-01,12,دينار,AE,
2015-05-01,11,دينار,AE,
2015-06-01,10,دينار,AE,
2015-07-01,12,دينار,AE,
2015-08-01,10,دينار,AE,
2015-09-01,5,دينار,AE,
2015-10-01,6,دينار,AE,
2015-11-01,10,دينار,AE,
2015-12-01,8,دينار,AE,
2016-01-01,11,دينار,AE,
2016-02-01,10,دينار,AE,
2016-03-01,10,دينار,AE,
2016-04-01,12,دينار,AE,
2016-05-01,10,دينار,AE,
2016-06-01,15,دينار,AE,
2016-07-01,14,دينار,AE,
2016-08-01,11,دينار,AE,
2016-09-01,11,دينار,AE,
2016-10-01,11,دينار,AE,
2016-11-01,14,دينار,AE,
2016-12-01,9,دينار,AE,
2017-01-01,13,دينار,AE,
2017-02-01,13,دينار,AE,
2017-03-01,16,دينار,AE,
2017-04-01,18,دينار,AE,
2017-05-01,15,دينار,AE,
2017-06-01,17,دينار,AE,
2017-07-01,19,دينار,AE,
2017-08-01,19,دينار,AE,
2017-09-01,17,دينار,AE,
2017-10-01,12,دينار,AE,
2017-11-01,14,دينار,AE,
2017-12-01,22,دينار,AE,
2018-01-01,22,دينار,AE,
2018-02-01,20,دينار,AE,
2018-03-01,20,دينار,AE,
2018-04-01,12,دينار,AE,
2018-05-01,17,دينار,AE,
2018-06-01,26,دينار,AE,
2018-07-01,23,دينار,AE,
2018-08-01,24,دينار,AE,
2018-09-01,22,دينار,AE,
2018-10-01,22,دينار,AE,
2018-11-01,21,دينار,AE,
2018-12-01,27,دينار,AE,
2019-01-01,28,دينار,AE,
2019-02-01,24,دينار,AE,
2019-03-01,28,دينار,AE,
2019-04-01,43,دينار,AE,
2019-05-01,33,دينار,AE,
2019-06-01,31,دينار,AE,
2019-07-01,30,دينار,AE,
2019-08-01,37,دينار,AE,
2019-09-01,29,دينار,AE,
2019-10-01,27,دينار,AE,
2019-11-01,36,دينار,AE,
2019-12-01,35,دينار,AE,
2020-01-01,34,دينار,AE,
2020-02-01,37,دينار,AE,
2020-03-01,28,دينار,AE,
2020-04-01,36,دينار,AE,
2020-05-01,43,دينار,AE,
2020-06-01,40,دينار,AE,
2020-07-01,48,دينار,AE,
2020-08-01,54,دينار,AE,
2020-09-01,51,دينار,AE,
2020-10-01,44,دينار,AE,
2020-11-01,43,دينار,AE,
2020-12-01,61,دينار,AE,
2021-01-01,57,دينار,AE,
2021-02-01,47,دينار,AE,
2021-03-01,62,دينار,AE,
2021-04-01,68,دينار,AE,
2021-05-01,81,دينار,AE,
2021-06-01,72,دينار,AE,
2021-07-01,76,دينار,AE,
2021-08-01,81,دينار,AE,
2021-09-01,61,دينار,AE,
2021-10-01,63,دينار,AE,
2021-11-01,60,دينار,AE,
2021-12-01,67,دينار,AE,
2022-01-01,69,دينار,AE,
2022-02-01,74,دينار,AE,
2022-03-01,69,دينار,AE,
2022-04-01,90,دينار,AE,
2022-05-01,85,دينار,AE,
2022-06-01,100,دينار,AE,
2022-07-01,100,دينار,AE,
2022-08-01,83,دينار,AE,
2022-09-01,78,دينار,AE,
2022-10-01,73,دينار,AE,
2022-11-01,71,دينار,AE,
2022-12-01,79,دينار,AE,
2023-01-01,84,دينار,AE,
2023-02-01,88,دينار,AE,
2023-03-01,89,دينار,AE,
2023-04-01,90,دينار,AE,
2023-05-01,88,دينار,AE,
2004-01-01,0,الجنيه الاسترليني,AE,
2004-02-01,0,الجنيه الاسترليني,AE,
2004-03-01,0,الجنيه الاسترليني,AE,
2004-04-01,0,الجنيه الاسترليني,AE,
2004-05-01,0,الجنيه الاسترليني,AE,
2004-06-01,0,الجنيه الاسترليني,AE,
2004-07-01,0,الجنيه الاسترليني,AE,
2004-08-01,0,الجنيه الاسترليني,AE,
2004-09-01,0,الجنيه الاسترليني,AE,
2004-10-01,100,الجنيه الاسترليني,AE,
2004-11-01,0,الجنيه الاسترليني,AE,
2004-12-01,0,الجنيه الاسترليني,AE,
2005-01-01,0,الجنيه الاسترليني,AE,
2005-02-01,0,الجنيه الاسترليني,AE,
2005-03-01,0,الجنيه الاسترليني,AE,
2005-04-01,0,الجنيه الاسترليني,AE,
2005-05-01,0,الجنيه الاسترليني,AE,
2005-06-01,0,الجنيه الاسترليني,AE,
2005-07-01,0,الجنيه الاسترليني,AE,
2005-08-01,0,الجنيه الاسترليني,AE,
2005-09-01,0,الجنيه الاسترليني,AE,
2005-10-01,17,الجنيه الاسترليني,AE,
2005-11-01,0,الجنيه الاسترليني,AE,
2005-12-01,0,الجنيه الاسترليني,AE,
2006-01-01,0,الجنيه الاسترليني,AE,
2006-02-01,0,الجنيه الاسترليني,AE,
2006-03-01,0,الجنيه الاسترليني,AE,
2006-04-01,0,الجنيه الاسترليني,AE,
2006-05-01,0,الجنيه الاسترليني,AE,
2006-06-01,0,الجنيه الاسترليني,AE,
2006-07-01,0,الجنيه الاسترليني,AE,
2006-08-01,0,الجنيه الاسترليني,AE,
2006-09-01,0,الجنيه الاسترليني,AE,
2006-10-01,0,الجنيه الاسترليني,AE,
2006-11-01,0,الجنيه الاسترليني,AE,
2006-12-01,0,الجنيه الاسترليني,AE,
2007-01-01,0,الجنيه الاسترليني,AE,
2007-02-01,0,الجنيه الاسترليني,AE,
2007-03-01,0,الجنيه الاسترليني,AE,
2007-04-01,0,الجنيه الاسترليني,AE,
2007-05-01,0,الجنيه الاسترليني,AE,
2007-06-01,9,الجنيه الاسترليني,AE,
2007-07-01,0,الجنيه الاسترليني,AE,
2007-08-01,0,الجنيه الاسترليني,AE,
2007-09-01,12,الجنيه الاسترليني,AE,
2007-10-01,0,الجنيه الاسترليني,AE,
2007-11-01,0,الجنيه الاسترليني,AE,
2007-12-01,0,الجنيه الاسترليني,AE,
2008-01-01,0,الجنيه الاسترليني,AE,
2008-02-01,0,الجنيه الاسترليني,AE,
2008-03-01,0,الجنيه الاسترليني,AE,
2008-04-01,0,الجنيه الاسترليني,AE,
2008-05-01,0,الجنيه الاسترليني,AE,
2008-06-01,0,الجنيه الاسترليني,AE,
2008-07-01,0,الجنيه الاسترليني,AE,
2008-08-01,0,الجنيه الاسترليني,AE,
2008-09-01,6,الجنيه الاسترليني,AE,
2008-10-01,0,الجنيه الاسترليني,AE,
2008-11-01,0,الجنيه الاسترليني,AE,
2008-12-01,0,الجنيه الاسترليني,AE,
2009-01-01,0,الجنيه الاسترليني,AE,
2009-02-01,0,الجنيه الاسترليني,AE,
2009-03-01,0,الجنيه الاسترليني,AE,
2009-04-01,0,الجنيه الاسترليني,AE,
2009-05-01,0,الجنيه الاسترليني,AE,
2009-06-01,0,الجنيه الاسترليني,AE,
2009-07-01,0,الجنيه الاسترليني,AE,
2009-08-01,0,الجنيه الاسترليني,AE,
2009-09-01,0,الجنيه الاسترليني,AE,
2009-10-01,7,الجنيه الاسترليني,AE,
2009-11-01,0,الجنيه الاسترليني,AE,
2009-12-01,0,الجنيه الاسترليني,AE,
2010-01-01,0,الجنيه الاسترليني,AE,
2010-02-01,6,الجنيه الاسترليني,AE,
2010-03-01,0,الجنيه الاسترليني,AE,
2010-04-01,2,الجنيه الاسترليني,AE,
2010-05-01,2,الجنيه الاسترليني,AE,
2010-06-01,0,الجنيه الاسترليني,AE,
2010-07-01,0,الجنيه الاسترليني,AE,
2010-08-01,0,الجنيه الاسترليني,AE,
2010-09-01,0,الجنيه الاسترليني,AE,
2010-10-01,0,الجنيه الاسترليني,AE,
2010-11-01,0,الجنيه الاسترليني,AE,
2010-12-01,0,الجنيه الاسترليني,AE,
2011-01-01,0,الجنيه الاسترليني,AE,
2011-02-01,2,الجنيه الاسترليني,AE,
2011-03-01,0,الجنيه الاسترليني,AE,
2011-04-01,0,الجنيه الاسترليني,AE,
2011-05-01,0,الجنيه الاسترليني,AE,
2011-06-01,0,الجنيه الاسترليني,AE,
2011-07-01,0,الجنيه الاسترليني,AE,
2011-08-01,0,الجنيه الاسترليني,AE,
2011-09-01,0,الجنيه الاسترليني,AE,
2011-10-01,0,الجنيه الاسترليني,AE,
2011-11-01,0,الجنيه الاسترليني,AE,
2011-12-01,0,الجنيه الاسترليني,AE,
2012-01-01,0,الجنيه الاسترليني,AE,
2012-02-01,0,الجنيه الاسترليني,AE,
2012-03-01,0,الجنيه الاسترليني,AE,
2012-04-01,0,الجنيه الاسترليني,AE,
2012-05-01,0,الجنيه الاسترليني,AE,
2012-06-01,0,الجنيه الاسترليني,AE,
2012-07-01,2,الجنيه الاسترليني,AE,
2012-08-01,0,الجنيه الاسترليني,AE,
2012-09-01,0,الجنيه الاسترليني,AE,
2012-10-01,0,الجنيه الاسترليني,AE,
2012-11-01,0,الجنيه الاسترليني,AE,
2012-12-01,1,الجنيه الاسترليني,AE,
2013-01-01,3,الجنيه الاسترليني,AE,
2013-02-01,3,الجنيه الاسترليني,AE,
2013-03-01,1,الجنيه الاسترليني,AE,
2013-04-01,2,الجنيه الاسترليني,AE,
2013-05-01,0,الجنيه الاسترليني,AE,
2013-06-01,1,الجنيه الاسترليني,AE,
2013-07-01,2,الجنيه الاسترليني,AE,
2013-08-01,2,الجنيه الاسترليني,AE,
2013-09-01,1,الجنيه الاسترليني,AE,
2013-10-01,1,الجنيه الاسترليني,AE,
2013-11-01,0,الجنيه الاسترليني,AE,
2013-12-01,1,الجنيه الاسترليني,AE,
2014-01-01,2,الجنيه الاسترليني,AE,
2014-02-01,0,الجنيه الاسترليني,AE,
2014-03-01,2,الجنيه الاسترليني,AE,
2014-04-01,0,الجنيه الاسترليني,AE,
2014-05-01,0,الجنيه الاسترليني,AE,
2014-06-01,2,الجنيه الاسترليني,AE,
2014-07-01,0,الجنيه الاسترليني,AE,
2014-08-01,0,الجنيه الاسترليني,AE,
2014-09-01,2,الجنيه الاسترليني,AE,
2014-10-01,1,الجنيه الاسترليني,AE,
2014-11-01,1,الجنيه الاسترليني,AE,
2014-12-01,1,الجنيه الاسترليني,AE,
2015-01-01,2,الجنيه الاسترليني,AE,
2015-02-01,2,الجنيه الاسترليني,AE,
2015-03-01,1,الجنيه الاسترليني,AE,
2015-04-01,1,الجنيه الاسترليني,AE,
2015-05-01,3,الجنيه الاسترليني,AE,
2015-06-01,2,الجنيه الاسترليني,AE,
2015-07-01,2,الجنيه الاسترليني,AE,
2015-08-01,1,الجنيه الاسترليني,AE,
2015-09-01,2,الجنيه الاسترليني,AE,
2015-10-01,1,الجنيه الاسترليني,AE,
2015-11-01,0,الجنيه الاسترليني,AE,
2015-12-01,1,الجنيه الاسترليني,AE,
2016-01-01,1,الجنيه الاسترليني,AE,
2016-02-01,0,الجنيه الاسترليني,AE,
2016-03-01,1,الجنيه الاسترليني,AE,
2016-04-01,1,الجنيه الاسترليني,AE,
2016-05-01,3,الجنيه الاسترليني,AE,
2016-06-01,5,الجنيه الاسترليني,AE,
2016-07-01,4,الجنيه الاسترليني,AE,
2016-08-01,2,الجنيه الاسترليني,AE,
2016-09-01,2,الجنيه الاسترليني,AE,
2016-10-01,4,الجنيه الاسترليني,AE,
2016-11-01,4,الجنيه الاسترليني,AE,
2016-12-01,1,الجنيه الاسترليني,AE,
2017-01-01,1,الجنيه الاسترليني,AE,
2017-02-01,1,الجنيه الاسترليني,AE,
2017-03-01,1,الجنيه الاسترليني,AE,
2017-04-01,1,الجنيه الاسترليني,AE,
2017-05-01,2,الجنيه الاسترليني,AE,
2017-06-01,3,الجنيه الاسترليني,AE,
2017-07-01,2,الجنيه الاسترليني,AE,
2017-08-01,2,الجنيه الاسترليني,AE,
2017-09-01,0,الجنيه الاسترليني,AE,
2017-10-01,3,الجنيه الاسترليني,AE,
2017-11-01,1,الجنيه الاسترليني,AE,
2017-12-01,2,الجنيه الاسترليني,AE,
2018-01-01,1,الجنيه الاسترليني,AE,
2018-02-01,2,الجنيه الاسترليني,AE,
2018-03-01,1,الجنيه الاسترليني,AE,
2018-04-01,1,الجنيه الاسترليني,AE,
2018-05-01,1,الجنيه الاسترليني,AE,
2018-06-01,2,الجنيه الاسترليني,AE,
2018-07-01,3,الجنيه الاسترليني,AE,
2018-08-01,2,الجنيه الاسترليني,AE,
2018-09-01,2,الجنيه الاسترليني,AE,
2018-10-01,1,الجنيه الاسترليني,AE,
2018-11-01,2,الجنيه الاسترليني,AE,
2018-12-01,3,الجنيه الاسترليني,AE,
2019-01-01,2,الجنيه الاسترليني,AE,
2019-02-01,1,الجنيه الاسترليني,AE,
2019-03-01,3,الجنيه الاسترليني,AE,
2019-04-01,3,الجنيه الاسترليني,AE,
2019-05-01,3,الجنيه الاسترليني,AE,
2019-06-01,3,الجنيه الاسترليني,AE,
2019-07-01,3,الجنيه الاسترليني,AE,
2019-08-01,3,الجنيه الاسترليني,AE,
2019-09-01,3,الجنيه الاسترليني,AE,
2019-10-01,4,الجنيه الاسترليني,AE,
2019-11-01,2,الجنيه الاسترليني,AE,
2019-12-01,3,الجنيه الاسترليني,AE,
2020-01-01,1,الجنيه الاسترليني,AE,
2020-02-01,3,الجنيه الاسترليني,AE,
2020-03-01,4,الجنيه الاسترليني,AE,
2020-04-01,3,الجنيه الاسترليني,AE,
2020-05-01,3,الجنيه الاسترليني,AE,
2020-06-01,3,الجنيه الاسترليني,AE,
2020-07-01,3,الجنيه الاسترليني,AE,
2020-08-01,3,الجنيه الاسترليني,AE,
2020-09-01,2,الجنيه الاسترليني,AE,
2020-10-01,2,الجنيه الاسترليني,AE,
2020-11-01,2,الجنيه الاسترليني,AE,
2020-12-01,4,الجنيه الاسترليني,AE,
2021-01-01,3,الجنيه الاسترليني,AE,
2021-02-01,2,الجنيه الاسترليني,AE,
2021-03-01,2,الجنيه الاسترليني,AE,
2021-04-01,2,الجنيه الاسترليني,AE,
2021-05-01,2,الجنيه الاسترليني,AE,
2021-06-01,3,الجنيه الاسترليني,AE,
2021-07-01,2,الجنيه الاسترليني,AE,
2021-08-01,3,الجنيه الاسترليني,AE,
2021-09-01,3,الجنيه الاسترليني,AE,
2021-10-01,3,الجنيه الاسترليني,AE,
2021-11-01,4,الجنيه الاسترليني,AE,
2021-12-01,3,الجنيه الاسترليني,AE,
2022-01-01,3,الجنيه الاسترليني,AE,
2022-02-01,2,الجنيه الاسترليني,AE,
2022-03-01,2,الجنيه الاسترليني,AE,
2022-04-01,1,الجنيه الاسترليني,AE,
2022-05-01,4,الجنيه الاسترليني,AE,
2022-06-01,3,الجنيه الاسترليني,AE,
2022-07-01,6,الجنيه الاسترليني,AE,
2022-08-01,5,الجنيه الاسترليني,AE,
2022-09-01,10,الجنيه الاسترليني,AE,
2022-10-01,8,الجنيه الاسترليني,AE,
2022-11-01,6,الجنيه الاسترليني,AE,
2022-12-01,5,الجنيه الاسترليني,AE,
2023-01-01,5,الجنيه الاسترليني,AE,
2023-02-01,4,الجنيه الاسترليني,AE,
2023-03-01,3,الجنيه الاسترليني,AE,
2023-04-01,3,الجنيه الاسترليني,AE,
2023-05-01,5,الجنيه الاسترليني,AE,
2004-01-01,0,ريال يمني,AE,
2004-02-01,100,ريال يمني,AE,
2004-03-01,0,ريال يمني,AE,
2004-04-01,0,ريال يمني,AE,
2004-05-01,75,ريال يمني,AE,
2004-06-01,0,ريال يمني,AE,
2004-07-01,0,ريال يمني,AE,
2004-08-01,0,ريال يمني,AE,
2004-09-01,0,ريال يمني,AE,
2004-10-01,0,ريال يمني,AE,
2004-11-01,0,ريال يمني,AE,
2004-12-01,0,ريال يمني,AE,
2005-01-01,0,ريال يمني,AE,
2005-02-01,0,ريال يمني,AE,
2005-03-01,0,ريال يمني,AE,
2005-04-01,0,ريال يمني,AE,
2005-05-01,0,ريال يمني,AE,
2005-06-01,0,ريال يمني,AE,
2005-07-01,0,ريال يمني,AE,
2005-08-01,0,ريال يمني,AE,
2005-09-01,0,ريال يمني,AE,
2005-10-01,0,ريال يمني,AE,
2005-11-01,0,ريال يمني,AE,
2005-12-01,0,ريال يمني,AE,
2006-01-01,47,ريال يمني,AE,
2006-02-01,0,ريال يمني,AE,
2006-03-01,0,ريال يمني,AE,
2006-04-01,0,ريال يمني,AE,
2006-05-01,0,ريال يمني,AE,
2006-06-01,0,ريال يمني,AE,
2006-07-01,19,ريال يمني,AE,
2006-08-01,0,ريال يمني,AE,
2006-09-01,0,ريال يمني,AE,
2006-10-01,0,ريال يمني,AE,
2006-11-01,0,ريال يمني,AE,
2006-12-01,0,ريال يمني,AE,
2007-01-01,0,ريال يمني,AE,
2007-02-01,0,ريال يمني,AE,
2007-03-01,0,ريال يمني,AE,
2007-04-01,0,ريال يمني,AE,
2007-05-01,0,ريال يمني,AE,
2007-06-01,0,ريال يمني,AE,
2007-07-01,10,ريال يمني,AE,
2007-08-01,0,ريال يمني,AE,
2007-09-01,11,ريال يمني,AE,
2007-10-01,0,ريال يمني,AE,
2007-11-01,8,ريال يمني,AE,
2007-12-01,0,ريال يمني,AE,
2008-01-01,0,ريال يمني,AE,
2008-02-01,0,ريال يمني,AE,
2008-03-01,0,ريال يمني,AE,
2008-04-01,0,ريال يمني,AE,
2008-05-01,0,ريال يمني,AE,
2008-06-01,0,ريال يمني,AE,
2008-07-01,0,ريال يمني,AE,
2008-08-01,0,ريال يمني,AE,
2008-09-01,0,ريال يمني,AE,
2008-10-01,10,ريال يمني,AE,
2008-11-01,0,ريال يمني,AE,
2008-12-01,5,ريال يمني,AE,
2009-01-01,0,ريال يمني,AE,
2009-02-01,0,ريال يمني,AE,
2009-03-01,0,ريال يمني,AE,
2009-04-01,0,ريال يمني,AE,
2009-05-01,0,ريال يمني,AE,
2009-06-01,0,ريال يمني,AE,
2009-07-01,0,ريال يمني,AE,
2009-08-01,0,ريال يمني,AE,
2009-09-01,8,ريال يمني,AE,
2009-10-01,0,ريال يمني,AE,
2009-11-01,0,ريال يمني,AE,
2009-12-01,5,ريال يمني,AE,
2010-01-01,0,ريال يمني,AE,
2010-02-01,0,ريال يمني,AE,
2010-03-01,0,ريال يمني,AE,
2010-04-01,0,ريال يمني,AE,
2010-05-01,0,ريال يمني,AE,
2010-06-01,9,ريال يمني,AE,
2010-07-01,0,ريال يمني,AE,
2010-08-01,3,ريال يمني,AE,
2010-09-01,5,ريال يمني,AE,
2010-10-01,0,ريال يمني,AE,
2010-11-01,0,ريال يمني,AE,
2010-12-01,0,ريال يمني,AE,
2011-01-01,0,ريال يمني,AE,
2011-02-01,0,ريال يمني,AE,
2011-03-01,0,ريال يمني,AE,
2011-04-01,0,ريال يمني,AE,
2011-05-01,0,ريال يمني,AE,
2011-06-01,0,ريال يمني,AE,
2011-07-01,2,ريال يمني,AE,
2011-08-01,0,ريال يمني,AE,
2011-09-01,0,ريال يمني,AE,
2011-10-01,0,ريال يمني,AE,
2011-11-01,0,ريال يمني,AE,
2011-12-01,4,ريال يمني,AE,
2012-01-01,0,ريال يمني,AE,
2012-02-01,0,ريال يمني,AE,
2012-03-01,4,ريال يمني,AE,
2012-04-01,0,ريال يمني,AE,
2012-05-01,0,ريال يمني,AE,
2012-06-01,0,ريال يمني,AE,
2012-07-01,0,ريال يمني,AE,
2012-08-01,3,ريال يمني,AE,
2012-09-01,0,ريال يمني,AE,
2012-10-01,0,ريال يمني,AE,
2012-11-01,0,ريال يمني,AE,
2012-12-01,0,ريال يمني,AE,
2013-01-01,0,ريال يمني,AE,
2013-02-01,0,ريال يمني,AE,
2013-03-01,0,ريال يمني,AE,
2013-04-01,0,ريال يمني,AE,
2013-05-01,0,ريال يمني,AE,
2013-06-01,3,ريال يمني,AE,
2013-07-01,0,ريال يمني,AE,
2013-08-01,0,ريال يمني,AE,
2013-09-01,0,ريال يمني,AE,
2013-10-01,1,ريال يمني,AE,
2013-11-01,0,ريال يمني,AE,
2013-12-01,0,ريال يمني,AE,
2014-01-01,0,ريال يمني,AE,
2014-02-01,0,ريال يمني,AE,
2014-03-01,2,ريال يمني,AE,
2014-04-01,0,ريال يمني,AE,
2014-05-01,0,ريال يمني,AE,
2014-06-01,0,ريال يمني,AE,
2014-07-01,3,ريال يمني,AE,
2014-08-01,0,ريال يمني,AE,
2014-09-01,0,ريال يمني,AE,
2014-10-01,0,ريال يمني,AE,
2014-11-01,0,ريال يمني,AE,
2014-12-01,0,ريال يمني,AE,
2015-01-01,0,ريال يمني,AE,
2015-02-01,0,ريال يمني,AE,
2015-03-01,1,ريال يمني,AE,
2015-04-01,0,ريال يمني,AE,
2015-05-01,0,ريال يمني,AE,
2015-06-01,0,ريال يمني,AE,
2015-07-01,0,ريال يمني,AE,
2015-08-01,0,ريال يمني,AE,
2015-09-01,0,ريال يمني,AE,
2015-10-01,0,ريال يمني,AE,
2015-11-01,4,ريال يمني,AE,
2015-12-01,0,ريال يمني,AE,
2016-01-01,0,ريال يمني,AE,
2016-02-01,2,ريال يمني,AE,
2016-03-01,0,ريال يمني,AE,
2016-04-01,0,ريال يمني,AE,
2016-05-01,0,ريال يمني,AE,
2016-06-01,0,ريال يمني,AE,
2016-07-01,2,ريال يمني,AE,
2016-08-01,3,ريال يمني,AE,
2016-09-01,3,ريال يمني,AE,
2016-10-01,0,ريال يمني,AE,
2016-11-01,1,ريال يمني,AE,
2016-12-01,0,ريال يمني,AE,
2017-01-01,0,ريال يمني,AE,
2017-02-01,4,ريال يمني,AE,
2017-03-01,0,ريال يمني,AE,
2017-04-01,1,ريال يمني,AE,
2017-05-01,0,ريال يمني,AE,
2017-06-01,2,ريال يمني,AE,
2017-07-01,0,ريال يمني,AE,
2017-08-01,0,ريال يمني,AE,
2017-09-01,2,ريال يمني,AE,
2017-10-01,1,ريال يمني,AE,
2017-11-01,0,ريال يمني,AE,
2017-12-01,0,ريال يمني,AE,
2018-01-01,1,ريال يمني,AE,
2018-02-01,0,ريال يمني,AE,
2018-03-01,0,ريال يمني,AE,
2018-04-01,0,ريال يمني,AE,
2018-05-01,0,ريال يمني,AE,
2018-06-01,1,ريال يمني,AE,
2018-07-01,0,ريال يمني,AE,
2018-08-01,0,ريال يمني,AE,
2018-09-01,0,ريال يمني,AE,
2018-10-01,2,ريال يمني,AE,
2018-11-01,2,ريال يمني,AE,
2018-12-01,0,ريال يمني,AE,
2019-01-01,0,ريال يمني,AE,
2019-02-01,0,ريال يمني,AE,
2019-03-01,0,ريال يمني,AE,
2019-04-01,0,ريال يمني,AE,
2019-05-01,0,ريال يمني,AE,
2019-06-01,0,ريال يمني,AE,
2019-07-01,2,ريال يمني,AE,
2019-08-01,0,ريال يمني,AE,
2019-09-01,3,ريال يمني,AE,
2019-10-01,0,ريال يمني,AE,
2019-11-01,1,ريال يمني,AE,
2019-12-01,0,ريال يمني,AE,
2020-01-01,1,ريال يمني,AE,
2020-02-01,1,ريال يمني,AE,
2020-03-01,0,ريال يمني,AE,
2020-04-01,1,ريال يمني,AE,
2020-05-01,1,ريال يمني,AE,
2020-06-01,1,ريال يمني,AE,
2020-07-01,1,ريال يمني,AE,
2020-08-01,2,ريال يمني,AE,
2020-09-01,1,ريال يمني,AE,
2020-10-01,0,ريال يمني,AE,
2020-11-01,3,ريال يمني,AE,
2020-12-01,1,ريال يمني,AE,
2021-01-01,2,ريال يمني,AE,
2021-02-01,2,ريال يمني,AE,
2021-03-01,4,ريال يمني,AE,
2021-04-01,4,ريال يمني,AE,
2021-05-01,5,ريال يمني,AE,
2021-06-01,3,ريال يمني,AE,
2021-07-01,2,ريال يمني,AE,
2021-08-01,5,ريال يمني,AE,
2021-09-01,0,ريال يمني,AE,
2021-10-01,2,ريال يمني,AE,
2021-11-01,2,ريال يمني,AE,
2021-12-01,3,ريال يمني,AE,
2022-01-01,4,ريال يمني,AE,
2022-02-01,0,ريال يمني,AE,
2022-03-01,1,ريال يمني,AE,
2022-04-01,3,ريال يمني,AE,
2022-05-01,3,ريال يمني,AE,
2022-06-01,4,ريال يمني,AE,
2022-07-01,3,ريال يمني,AE,
2022-08-01,4,ريال يمني,AE,
2022-09-01,3,ريال يمني,AE,
2022-10-01,3,ريال يمني,AE,
2022-11-01,1,ريال يمني,AE,
2022-12-01,3,ريال يمني,AE,
2023-01-01,3,ريال يمني,AE,
2023-02-01,2,ريال يمني,AE,
2023-03-01,3,ريال يمني,AE,
2023-04-01,4,ريال يمني,AE,
2023-05-01,3,ريال يمني,AE,
2004-01-01,100,ينظر,AE,
2004-02-01,0,ينظر,AE,
2004-03-01,0,ينظر,AE,
2004-04-01,0,ينظر,AE,
2004-05-01,0,ينظر,AE,
2004-06-01,0,ينظر,AE,
2004-07-01,0,ينظر,AE,
2004-08-01,0,ينظر,AE,
2004-09-01,0,ينظر,AE,
2004-10-01,0,ينظر,AE,
2004-11-01,0,ينظر,AE,
2004-12-01,0,ينظر,AE,
2005-01-01,0,ينظر,AE,
2005-02-01,0,ينظر,AE,
2005-03-01,0,ينظر,AE,
2005-04-01,0,ينظر,AE,
2005-05-01,0,ينظر,AE,
2005-06-01,21,ينظر,AE,
2005-07-01,0,ينظر,AE,
2005-08-01,0,ينظر,AE,
2005-09-01,0,ينظر,AE,
2005-10-01,0,ينظر,AE,
2005-11-01,0,ينظر,AE,
2005-12-01,0,ينظر,AE,
2006-01-01,0,ينظر,AE,
2006-02-01,20,ينظر,AE,
2006-03-01,0,ينظر,AE,
2006-04-01,0,ينظر,AE,
2006-05-01,0,ينظر,AE,
2006-06-01,25,ينظر,AE,
2006-07-01,0,ينظر,AE,
2006-08-01,0,ينظر,AE,
2006-09-01,0,ينظر,AE,
2006-10-01,0,ينظر,AE,
2006-11-01,0,ينظر,AE,
2006-12-01,0,ينظر,AE,
2007-01-01,0,ينظر,AE,
2007-02-01,0,ينظر,AE,
2007-03-01,0,ينظر,AE,
2007-04-01,0,ينظر,AE,
2007-05-01,0,ينظر,AE,
2007-06-01,15,ينظر,AE,
2007-07-01,8,ينظر,AE,
2007-08-01,0,ينظر,AE,
2007-09-01,0,ينظر,AE,
2007-10-01,11,ينظر,AE,
2007-11-01,0,ينظر,AE,
2007-12-01,0,ينظر,AE,
2008-01-01,0,ينظر,AE,
2008-02-01,0,ينظر,AE,
2008-03-01,11,ينظر,AE,
2008-04-01,0,ينظر,AE,
2008-05-01,0,ينظر,AE,
2008-06-01,10,ينظر,AE,
2008-07-01,0,ينظر,AE,
2008-08-01,0,ينظر,AE,
2008-09-01,0,ينظر,AE,
2008-10-01,3,ينظر,AE,
2008-11-01,0,ينظر,AE,
2008-12-01,0,ينظر,AE,
2009-01-01,0,ينظر,AE,
2009-02-01,8,ينظر,AE,
2009-03-01,2,ينظر,AE,
2009-04-01,0,ينظر,AE,
2009-05-01,0,ينظر,AE,
2009-06-01,3,ينظر,AE,
2009-07-01,0,ينظر,AE,
2009-08-01,8,ينظر,AE,
2009-09-01,0,ينظر,AE,
2009-10-01,0,ينظر,AE,
2009-11-01,6,ينظر,AE,
2009-12-01,5,ينظر,AE,
2010-01-01,2,ينظر,AE,
2010-02-01,0,ينظر,AE,
2010-03-01,2,ينظر,AE,
2010-04-01,4,ينظر,AE,
2010-05-01,2,ينظر,AE,
2010-06-01,0,ينظر,AE,
2010-07-01,3,ينظر,AE,
2010-08-01,0,ينظر,AE,
2010-09-01,0,ينظر,AE,
2010-10-01,0,ينظر,AE,
2010-11-01,2,ينظر,AE,
2010-12-01,0,ينظر,AE,
2011-01-01,0,ينظر,AE,
2011-02-01,2,ينظر,AE,
2011-03-01,4,ينظر,AE,
2011-04-01,1,ينظر,AE,
2011-05-01,0,ينظر,AE,
2011-06-01,0,ينظر,AE,
2011-07-01,1,ينظر,AE,
2011-08-01,0,ينظر,AE,
2011-09-01,0,ينظر,AE,
2011-10-01,2,ينظر,AE,
2011-11-01,0,ينظر,AE,
2011-12-01,2,ينظر,AE,
2012-01-01,0,ينظر,AE,
2012-02-01,0,ينظر,AE,
2012-03-01,2,ينظر,AE,
2012-04-01,0,ينظر,AE,
2012-05-01,1,ينظر,AE,
2012-06-01,3,ينظر,AE,
2012-07-01,2,ينظر,AE,
2012-08-01,2,ينظر,AE,
2012-09-01,1,ينظر,AE,
2012-10-01,2,ينظر,AE,
2012-11-01,1,ينظر,AE,
2012-12-01,0,ينظر,AE,
2013-01-01,1,ينظر,AE,
2013-02-01,1,ينظر,AE,
2013-03-01,1,ينظر,AE,
2013-04-01,0,ينظر,AE,
2013-05-01,1,ينظر,AE,
2013-06-01,0,ينظر,AE,
2013-07-01,1,ينظر,AE,
2013-08-01,1,ينظر,AE,
2013-09-01,3,ينظر,AE,
2013-10-01,1,ينظر,AE,
2013-11-01,1,ينظر,AE,
2013-12-01,1,ينظر,AE,
2014-01-01,1,ينظر,AE,
2014-02-01,3,ينظر,AE,
2014-03-01,2,ينظر,AE,
2014-04-01,3,ينظر,AE,
2014-05-01,1,ينظر,AE,
2014-06-01,1,ينظر,AE,
2014-07-01,1,ينظر,AE,
2014-08-01,1,ينظر,AE,
2014-09-01,1,ينظر,AE,
2014-10-01,1,ينظر,AE,
2014-11-01,0,ينظر,AE,
2014-12-01,2,ينظر,AE,
2015-01-01,2,ينظر,AE,
2015-02-01,3,ينظر,AE,
2015-03-01,0,ينظر,AE,
2015-04-01,0,ينظر,AE,
2015-05-01,2,ينظر,AE,
2015-06-01,1,ينظر,AE,
2015-07-01,1,ينظر,AE,
2015-08-01,2,ينظر,AE,
2015-09-01,0,ينظر,AE,
2015-10-01,1,ينظر,AE,
2015-11-01,0,ينظر,AE,
2015-12-01,1,ينظر,AE,
2016-01-01,1,ينظر,AE,
2016-02-01,2,ينظر,AE,
2016-03-01,1,ينظر,AE,
2016-04-01,1,ينظر,AE,
2016-05-01,2,ينظر,AE,
2016-06-01,1,ينظر,AE,
2016-07-01,1,ينظر,AE,
2016-08-01,0,ينظر,AE,
2016-09-01,2,ينظر,AE,
2016-10-01,3,ينظر,AE,
2016-11-01,1,ينظر,AE,
2016-12-01,2,ينظر,AE,
2017-01-01,1,ينظر,AE,
2017-02-01,2,ينظر,AE,
2017-03-01,1,ينظر,AE,
2017-04-01,0,ينظر,AE,
2017-05-01,0,ينظر,AE,
2017-06-01,2,ينظر,AE,
2017-07-01,2,ينظر,AE,
2017-08-01,2,ينظر,AE,
2017-09-01,1,ينظر,AE,
2017-10-01,1,ينظر,AE,
2017-11-01,1,ينظر,AE,
2017-12-01,1,ينظر,AE,
2018-01-01,1,ينظر,AE,
2018-02-01,1,ينظر,AE,
2018-03-01,2,ينظر,AE,
2018-04-01,3,ينظر,AE,
2018-05-01,2,ينظر,AE,
2018-06-01,3,ينظر,AE,
2018-07-01,2,ينظر,AE,
2018-08-01,2,ينظر,AE,
2018-09-01,2,ينظر,AE,
2018-10-01,2,ينظر,AE,
2018-11-01,2,ينظر,AE,
2018-12-01,2,ينظر,AE,
2019-01-01,2,ينظر,AE,
2019-02-01,2,ينظر,AE,
2019-03-01,1,ينظر,AE,
2019-04-01,2,ينظر,AE,
2019-05-01,1,ينظر,AE,
2019-06-01,1,ينظر,AE,
2019-07-01,1,ينظر,AE,
2019-08-01,1,ينظر,AE,
2019-09-01,2,ينظر,AE,
2019-10-01,2,ينظر,AE,
2019-11-01,1,ينظر,AE,
2019-12-01,2,ينظر,AE,
2020-01-01,1,ينظر,AE,
2020-02-01,2,ينظر,AE,
2020-03-01,1,ينظر,AE,
2020-04-01,2,ينظر,AE,
2020-05-01,3,ينظر,AE,
2020-06-01,2,ينظر,AE,
2020-07-01,2,ينظر,AE,
2020-08-01,2,ينظر,AE,
2020-09-01,2,ينظر,AE,
2020-10-01,2,ينظر,AE,
2020-11-01,2,ينظر,AE,
2020-12-01,1,ينظر,AE,
2021-01-01,2,ينظر,AE,
2021-02-01,3,ينظر,AE,
2021-03-01,3,ينظر,AE,
2021-04-01,2,ينظر,AE,
2021-05-01,1,ينظر,AE,
2021-06-01,1,ينظر,AE,
2021-07-01,2,ينظر,AE,
2021-08-01,1,ينظر,AE,
2021-09-01,1,ينظر,AE,
2021-10-01,3,ينظر,AE,
2021-11-01,1,ينظر,AE,
2021-12-01,1,ينظر,AE,
2022-01-01,1,ينظر,AE,
2022-02-01,2,ينظر,AE,
2022-03-01,3,ينظر,AE,
2022-04-01,2,ينظر,AE,
2022-05-01,2,ينظر,AE,
2022-06-01,1,ينظر,AE,
2022-07-01,1,ينظر,AE,
2022-08-01,1,ينظر,AE,
2022-09-01,2,ينظر,AE,
2022-10-01,2,ينظر,AE,
2022-11-01,2,ينظر,AE,
2022-12-01,1,ينظر,AE,
2023-01-01,2,ينظر,AE,
2023-02-01,1,ينظر,AE,
2023-03-01,3,ينظر,AE,
2023-04-01,2,ينظر,AE,
2023-05-01,0,ينظر,AE,
2004-01-01,0,بالبوا,AE,Balboa
2004-02-01,0,بالبوا,AE,Balboa
2004-03-01,0,بالبوا,AE,Balboa
2004-04-01,89,بالبوا,AE,Balboa
2004-05-01,0,بالبوا,AE,Balboa
2004-06-01,0,بالبوا,AE,Balboa
2004-07-01,0,بالبوا,AE,Balboa
2004-08-01,100,بالبوا,AE,Balboa
2004-09-01,0,بالبوا,AE,Balboa
2004-10-01,0,بالبوا,AE,Balboa
2004-11-01,0,بالبوا,AE,Balboa
2004-12-01,0,بالبوا,AE,Balboa
2005-01-01,0,بالبوا,AE,Balboa
2005-02-01,0,بالبوا,AE,Balboa
2005-03-01,0,بالبوا,AE,Balboa
2005-04-01,0,بالبوا,AE,Balboa
2005-05-01,0,بالبوا,AE,Balboa
2005-06-01,0,بالبوا,AE,Balboa
2005-07-01,70,بالبوا,AE,Balboa
2005-08-01,0,بالبوا,AE,Balboa
2005-09-01,0,بالبوا,AE,Balboa
2005-10-01,34,بالبوا,AE,Balboa
2005-11-01,0,بالبوا,AE,Balboa
2005-12-01,41,بالبوا,AE,Balboa
2006-01-01,0,بالبوا,AE,Balboa
2006-02-01,0,بالبوا,AE,Balboa
2006-03-01,0,بالبوا,AE,Balboa
2006-04-01,0,بالبوا,AE,Balboa
2006-05-01,0,بالبوا,AE,Balboa
2006-06-01,41,بالبوا,AE,Balboa
2006-07-01,27,بالبوا,AE,Balboa
2006-08-01,26,بالبوا,AE,Balboa
2006-09-01,0,بالبوا,AE,Balboa
2006-10-01,0,بالبوا,AE,Balboa
2006-11-01,0,بالبوا,AE,Balboa
2006-12-01,0,بالبوا,AE,Balboa
2007-01-01,0,بالبوا,AE,Balboa
2007-02-01,17,بالبوا,AE,Balboa
2007-03-01,20,بالبوا,AE,Balboa
2007-04-01,0,بالبوا,AE,Balboa
2007-05-01,0,بالبوا,AE,Balboa
2007-06-01,13,بالبوا,AE,Balboa
2007-07-01,0,بالبوا,AE,Balboa
2007-08-01,0,بالبوا,AE,Balboa
2007-09-01,0,بالبوا,AE,Balboa
2007-10-01,0,بالبوا,AE,Balboa
2007-11-01,0,بالبوا,AE,Balboa
2007-12-01,0,بالبوا,AE,Balboa
2008-01-01,0,بالبوا,AE,Balboa
2008-02-01,11,بالبوا,AE,Balboa
2008-03-01,14,بالبوا,AE,Balboa
2008-04-01,0,بالبوا,AE,Balboa
2008-05-01,0,بالبوا,AE,Balboa
2008-06-01,12,بالبوا,AE,Balboa
2008-07-01,0,بالبوا,AE,Balboa
2008-08-01,0,بالبوا,AE,Balboa
2008-09-01,0,بالبوا,AE,Balboa
2008-10-01,14,بالبوا,AE,Balboa
2008-11-01,0,بالبوا,AE,Balboa
2008-12-01,0,بالبوا,AE,Balboa
2009-01-01,0,بالبوا,AE,Balboa
2009-02-01,10,بالبوا,AE,Balboa
2009-03-01,0,بالبوا,AE,Balboa
2009-04-01,0,بالبوا,AE,Balboa
2009-05-01,0,بالبوا,AE,Balboa
2009-06-01,0,بالبوا,AE,Balboa
2009-07-01,0,بالبوا,AE,Balboa
2009-08-01,0,بالبوا,AE,Balboa
2009-09-01,0,بالبوا,AE,Balboa
2009-10-01,0,بالبوا,AE,Balboa
2009-11-01,0,بالبوا,AE,Balboa
2009-12-01,0,بالبوا,AE,Balboa
2010-01-01,0,بالبوا,AE,Balboa
2010-02-01,5,بالبوا,AE,Balboa
2010-03-01,0,بالبوا,AE,Balboa
2010-04-01,0,بالبوا,AE,Balboa
2010-05-01,6,بالبوا,AE,Balboa
2010-06-01,6,بالبوا,AE,Balboa
2010-07-01,0,بالبوا,AE,Balboa
2010-08-01,0,بالبوا,AE,Balboa
2010-09-01,0,بالبوا,AE,Balboa
2010-10-01,0,بالبوا,AE,Balboa
2010-11-01,0,بالبوا,AE,Balboa
2010-12-01,0,بالبوا,AE,Balboa
2011-01-01,0,بالبوا,AE,Balboa
2011-02-01,0,بالبوا,AE,Balboa
2011-03-01,0,بالبوا,AE,Balboa
2011-04-01,0,بالبوا,AE,Balboa
2011-05-01,0,بالبوا,AE,Balboa
2011-06-01,0,بالبوا,AE,Balboa
2011-07-01,0,بالبوا,AE,Balboa
2011-08-01,0,بالبوا,AE,Balboa
2011-09-01,0,بالبوا,AE,Balboa
2011-10-01,0,بالبوا,AE,Balboa
2011-11-01,0,بالبوا,AE,Balboa
2011-12-01,0,بالبوا,AE,Balboa
2012-01-01,0,بالبوا,AE,Balboa
2012-02-01,0,بالبوا,AE,Balboa
2012-03-01,0,بالبوا,AE,Balboa
2012-04-01,2,بالبوا,AE,Balboa
2012-05-01,0,بالبوا,AE,Balboa
2012-06-01,0,بالبوا,AE,Balboa
2012-07-01,0,بالبوا,AE,Balboa
2012-08-01,0,بالبوا,AE,Balboa
2012-09-01,0,بالبوا,AE,Balboa
2012-10-01,0,بالبوا,AE,Balboa
2012-11-01,0,بالبوا,AE,Balboa
2012-12-01,0,بالبوا,AE,Balboa
2013-01-01,0,بالبوا,AE,Balboa
2013-02-01,0,بالبوا,AE,Balboa
2013-03-01,0,بالبوا,AE,Balboa
2013-04-01,4,بالبوا,AE,Balboa
2013-05-01,0,بالبوا,AE,Balboa
2013-06-01,0,بالبوا,AE,Balboa
2013-07-01,0,بالبوا,AE,Balboa
2013-08-01,0,بالبوا,AE,Balboa
2013-09-01,4,بالبوا,AE,Balboa
2013-10-01,0,بالبوا,AE,Balboa
2013-11-01,0,بالبوا,AE,Balboa
2013-12-01,2,بالبوا,AE,Balboa
2014-01-01,0,بالبوا,AE,Balboa
2014-02-01,2,بالبوا,AE,Balboa
2014-03-01,0,بالبوا,AE,Balboa
2014-04-01,0,بالبوا,AE,Balboa
2014-05-01,0,بالبوا,AE,Balboa
2014-06-01,1,بالبوا,AE,Balboa
2014-07-01,0,بالبوا,AE,Balboa
2014-08-01,0,بالبوا,AE,Balboa
2014-09-01,0,بالبوا,AE,Balboa
2014-10-01,0,بالبوا,AE,Balboa
2014-11-01,0,بالبوا,AE,Balboa
2014-12-01,0,بالبوا,AE,Balboa
2015-01-01,0,بالبوا,AE,Balboa
2015-02-01,0,بالبوا,AE,Balboa
2015-03-01,1,بالبوا,AE,Balboa
2015-04-01,0,بالبوا,AE,Balboa
2015-05-01,0,بالبوا,AE,Balboa
2015-06-01,0,بالبوا,AE,Balboa
2015-07-01,1,بالبوا,AE,Balboa
2015-08-01,4,بالبوا,AE,Balboa
2015-09-01,2,بالبوا,AE,Balboa
2015-10-01,1,بالبوا,AE,Balboa
2015-11-01,0,بالبوا,AE,Balboa
2015-12-01,0,بالبوا,AE,Balboa
2016-01-01,0,بالبوا,AE,Balboa
2016-02-01,1,بالبوا,AE,Balboa
2016-03-01,0,بالبوا,AE,Balboa
2016-04-01,1,بالبوا,AE,Balboa
2016-05-01,0,بالبوا,AE,Balboa
2016-06-01,5,بالبوا,AE,Balboa
2016-07-01,0,بالبوا,AE,Balboa
2016-08-01,0,بالبوا,AE,Balboa
2016-09-01,0,بالبوا,AE,Balboa
2016-10-01,0,بالبوا,AE,Balboa
2016-11-01,0,بالبوا,AE,Balboa
2016-12-01,0,بالبوا,AE,Balboa
2017-01-01,0,بالبوا,AE,Balboa
2017-02-01,0,بالبوا,AE,Balboa
2017-03-01,0,بالبوا,AE,Balboa
2017-04-01,0,بالبوا,AE,Balboa
2017-05-01,3,بالبوا,AE,Balboa
2017-06-01,0,بالبوا,AE,Balboa
2017-07-01,0,بالبوا,AE,Balboa
2017-08-01,0,بالبوا,AE,Balboa
2017-09-01,1,بالبوا,AE,Balboa
2017-10-01,5,بالبوا,AE,Balboa
2017-11-01,0,بالبوا,AE,Balboa
2017-12-01,0,بالبوا,AE,Balboa
2018-01-01,0,بالبوا,AE,Balboa
2018-02-01,3,بالبوا,AE,Balboa
2018-03-01,0,بالبوا,AE,Balboa
2018-04-01,0,بالبوا,AE,Balboa
2018-05-01,0,بالبوا,AE,Balboa
2018-06-01,0,بالبوا,AE,Balboa
2018-07-01,0,بالبوا,AE,Balboa
2018-08-01,0,بالبوا,AE,Balboa
2018-09-01,0,بالبوا,AE,Balboa
2018-10-01,0,بالبوا,AE,Balboa
2018-11-01,0,بالبوا,AE,Balboa
2018-12-01,0,بالبوا,AE,Balboa
2019-01-01,1,بالبوا,AE,Balboa
2019-02-01,0,بالبوا,AE,Balboa
2019-03-01,0,بالبوا,AE,Balboa
2019-04-01,0,بالبوا,AE,Balboa
2019-05-01,0,بالبوا,AE,Balboa
2019-06-01,0,بالبوا,AE,Balboa
2019-07-01,2,بالبوا,AE,Balboa
2019-08-01,0,بالبوا,AE,Balboa
2019-09-01,0,بالبوا,AE,Balboa
2019-10-01,0,بالبوا,AE,Balboa
2019-11-01,0,بالبوا,AE,Balboa
2019-12-01,0,بالبوا,AE,Balboa
2020-01-01,0,بالبوا,AE,Balboa
2020-02-01,0,بالبوا,AE,Balboa
2020-03-01,0,بالبوا,AE,Balboa
2020-04-01,0,بالبوا,AE,Balboa
2020-05-01,0,بالبوا,AE,Balboa
2020-06-01,0,بالبوا,AE,Balboa
2020-07-01,0,بالبوا,AE,Balboa
2020-08-01,0,بالبوا,AE,Balboa
2020-09-01,0,بالبوا,AE,Balboa
2020-10-01,1,بالبوا,AE,Balboa
2020-11-01,0,بالبوا,AE,Balboa
2020-12-01,0,بالبوا,AE,Balboa
2021-01-01,0,بالبوا,AE,Balboa
2021-02-01,0,بالبوا,AE,Balboa
2021-03-01,0,بالبوا,AE,Balboa
2021-04-01,0,بالبوا,AE,Balboa
2021-05-01,1,بالبوا,AE,Balboa
2021-06-01,0,بالبوا,AE,Balboa
2021-07-01,0,بالبوا,AE,Balboa
2021-08-01,0,بالبوا,AE,Balboa
2021-09-01,0,بالبوا,AE,Balboa
2021-10-01,0,بالبوا,AE,Balboa
2021-11-01,0,بالبوا,AE,Balboa
2021-12-01,0,بالبوا,AE,Balboa
2022-01-01,1,بالبوا,AE,Balboa
2022-02-01,0,بالبوا,AE,Balboa
2022-03-01,0,بالبوا,AE,Balboa
2022-04-01,0,بالبوا,AE,Balboa
2022-05-01,0,بالبوا,AE,Balboa
2022-06-01,0,بالبوا,AE,Balboa
2022-07-01,0,بالبوا,AE,Balboa
2022-08-01,0,بالبوا,AE,Balboa
2022-09-01,0,بالبوا,AE,Balboa
2022-10-01,0,بالبوا,AE,Balboa
2022-11-01,0,بالبوا,AE,Balboa
2022-12-01,0,بالبوا,AE,Balboa
2023-01-01,0,بالبوا,AE,Balboa
2023-02-01,0,بالبوا,AE,Balboa
2023-03-01,0,بالبوا,AE,Balboa
2023-04-01,0,بالبوا,AE,Balboa
2023-05-01,8,بالبوا,AE,Balboa
2004-01-01,0,دولار استرالي,AE,
2004-02-01,0,دولار استرالي,AE,
2004-03-01,0,دولار استرالي,AE,
2004-04-01,0,دولار استرالي,AE,
2004-05-01,81,دولار استرالي,AE,
2004-06-01,0,دولار استرالي,AE,
2004-07-01,0,دولار استرالي,AE,
2004-08-01,0,دولار استرالي,AE,
2004-09-01,0,دولار استرالي,AE,
2004-10-01,0,دولار استرالي,AE,
2004-11-01,0,دولار استرالي,AE,
2004-12-01,78,دولار استرالي,AE,
2005-01-01,0,دولار استرالي,AE,
2005-02-01,0,دولار استرالي,AE,
2005-03-01,65,دولار استرالي,AE,
2005-04-01,0,دولار استرالي,AE,
2005-05-01,0,دولار استرالي,AE,
2005-06-01,0,دولار استرالي,AE,
2005-07-01,0,دولار استرالي,AE,
2005-08-01,100,دولار استرالي,AE,
2005-09-01,0,دولار استرالي,AE,
2005-10-01,0,دولار استرالي,AE,
2005-11-01,0,دولار استرالي,AE,
2005-12-01,0,دولار استرالي,AE,
2006-01-01,0,دولار استرالي,AE,
2006-02-01,42,دولار استرالي,AE,
2006-03-01,0,دولار استرالي,AE,
2006-04-01,19,دولار استرالي,AE,
2006-05-01,17,دولار استرالي,AE,
2006-06-01,0,دولار استرالي,AE,
2006-07-01,40,دولار استرالي,AE,
2006-08-01,78,دولار استرالي,AE,
2006-09-01,0,دولار استرالي,AE,
2006-10-01,0,دولار استرالي,AE,
2006-11-01,26,دولار استرالي,AE,
2006-12-01,0,دولار استرالي,AE,
2007-01-01,0,دولار استرالي,AE,
2007-02-01,0,دولار استرالي,AE,
2007-03-01,0,دولار استرالي,AE,
2007-04-01,0,دولار استرالي,AE,
2007-05-01,0,دولار استرالي,AE,
2007-06-01,10,دولار استرالي,AE,
2007-07-01,0,دولار استرالي,AE,
2007-08-01,0,دولار استرالي,AE,
2007-09-01,15,دولار استرالي,AE,
2007-10-01,12,دولار استرالي,AE,
2007-11-01,0,دولار استرالي,AE,
2007-12-01,0,دولار استرالي,AE,
2008-01-01,0,دولار استرالي,AE,
2008-02-01,0,دولار استرالي,AE,
2008-03-01,0,دولار استرالي,AE,
2008-04-01,0,دولار استرالي,AE,
2008-05-01,0,دولار استرالي,AE,
2008-06-01,0,دولار استرالي,AE,
2008-07-01,0,دولار استرالي,AE,
2008-08-01,0,دولار استرالي,AE,
2008-09-01,0,دولار استرالي,AE,
2008-10-01,5,دولار استرالي,AE,
2008-11-01,0,دولار استرالي,AE,
2008-12-01,0,دولار استرالي,AE,
2009-01-01,5,دولار استرالي,AE,
2009-02-01,6,دولار استرالي,AE,
2009-03-01,6,دولار استرالي,AE,
2009-04-01,5,دولار استرالي,AE,
2009-05-01,19,دولار استرالي,AE,
2009-06-01,0,دولار استرالي,AE,
2009-07-01,0,دولار استرالي,AE,
2009-08-01,0,دولار استرالي,AE,
2009-09-01,0,دولار استرالي,AE,
2009-10-01,12,دولار استرالي,AE,
2009-11-01,0,دولار استرالي,AE,
2009-12-01,0,دولار استرالي,AE,
2010-01-01,0,دولار استرالي,AE,
2010-02-01,0,دولار استرالي,AE,
2010-03-01,0,دولار استرالي,AE,
2010-04-01,0,دولار استرالي,AE,
2010-05-01,0,دولار استرالي,AE,
2010-06-01,0,دولار استرالي,AE,
2010-07-01,5,دولار استرالي,AE,
2010-08-01,3,دولار استرالي,AE,
2010-09-01,0,دولار استرالي,AE,
2010-10-01,0,دولار استرالي,AE,
2010-11-01,0,دولار استرالي,AE,
2010-12-01,0,دولار استرالي,AE,
2011-01-01,0,دولار استرالي,AE,
2011-02-01,0,دولار استرالي,AE,
2011-03-01,0,دولار استرالي,AE,
2011-04-01,0,دولار استرالي,AE,
2011-05-01,0,دولار استرالي,AE,
2011-06-01,0,دولار استرالي,AE,
2011-07-01,0,دولار استرالي,AE,
2011-08-01,2,دولار استرالي,AE,
2011-09-01,0,دولار استرالي,AE,
2011-10-01,0,دولار استرالي,AE,
2011-11-01,0,دولار استرالي,AE,
2011-12-01,0,دولار استرالي,AE,
2012-01-01,0,دولار استرالي,AE,
2012-02-01,0,دولار استرالي,AE,
2012-03-01,0,دولار استرالي,AE,
2012-04-01,0,دولار استرالي,AE,
2012-05-01,0,دولار استرالي,AE,
2012-06-01,0,دولار استرالي,AE,
2012-07-01,0,دولار استرالي,AE,
2012-08-01,0,دولار استرالي,AE,
2012-09-01,0,دولار استرالي,AE,
2012-10-01,0,دولار استرالي,AE,
2012-11-01,0,دولار استرالي,AE,
2012-12-01,0,دولار استرالي,AE,
2013-01-01,0,دولار استرالي,AE,
2013-02-01,0,دولار استرالي,AE,
2013-03-01,0,دولار استرالي,AE,
2013-04-01,0,دولار استرالي,AE,
2013-05-01,0,دولار استرالي,AE,
2013-06-01,2,دولار استرالي,AE,
2013-07-01,0,دولار استرالي,AE,
2013-08-01,1,دولار استرالي,AE,
2013-09-01,3,دولار استرالي,AE,
2013-10-01,2,دولار استرالي,AE,
2013-11-01,2,دولار استرالي,AE,
2013-12-01,2,دولار استرالي,AE,
2014-01-01,1,دولار استرالي,AE,
2014-02-01,0,دولار استرالي,AE,
2014-03-01,0,دولار استرالي,AE,
2014-04-01,0,دولار استرالي,AE,
2014-05-01,0,دولار استرالي,AE,
2014-06-01,0,دولار استرالي,AE,
2014-07-01,0,دولار استرالي,AE,
2014-08-01,0,دولار استرالي,AE,
2014-09-01,0,دولار استرالي,AE,
2014-10-01,2,دولار استرالي,AE,
2014-11-01,0,دولار استرالي,AE,
2014-12-01,0,دولار استرالي,AE,
2015-01-01,0,دولار استرالي,AE,
2015-02-01,0,دولار استرالي,AE,
2015-03-01,2,دولار استرالي,AE,
2015-04-01,0,دولار استرالي,AE,
2015-05-01,0,دولار استرالي,AE,
2015-06-01,1,دولار استرالي,AE,
2015-07-01,0,دولار استرالي,AE,
2015-08-01,0,دولار استرالي,AE,
2015-09-01,0,دولار استرالي,AE,
2015-10-01,0,دولار استرالي,AE,
2015-11-01,0,دولار استرالي,AE,
2015-12-01,1,دولار استرالي,AE,
2016-01-01,0,دولار استرالي,AE,
2016-02-01,3,دولار استرالي,AE,
2016-03-01,1,دولار استرالي,AE,
2016-04-01,0,دولار استرالي,AE,
2016-05-01,0,دولار استرالي,AE,
2016-06-01,0,دولار استرالي,AE,
2016-07-01,0,دولار استرالي,AE,
2016-08-01,1,دولار استرالي,AE,
2016-09-01,0,دولار استرالي,AE,
2016-10-01,0,دولار استرالي,AE,
2016-11-01,1,دولار استرالي,AE,
2016-12-01,0,دولار استرالي,AE,
2017-01-01,0,دولار استرالي,AE,
2017-02-01,0,دولار استرالي,AE,
2017-03-01,0,دولار استرالي,AE,
2017-04-01,0,دولار استرالي,AE,
2017-05-01,0,دولار استرالي,AE,
2017-06-01,0,دولار استرالي,AE,
2017-07-01,0,دولار استرالي,AE,
2017-08-01,0,دولار استرالي,AE,
2017-09-01,0,دولار استرالي,AE,
2017-10-01,0,دولار استرالي,AE,
2017-11-01,0,دولار استرالي,AE,
2017-12-01,0,دولار استرالي,AE,
2018-01-01,2,دولار استرالي,AE,
2018-02-01,0,دولار استرالي,AE,
2018-03-01,0,دولار استرالي,AE,
2018-04-01,0,دولار استرالي,AE,
2018-05-01,1,دولار استرالي,AE,
2018-06-01,0,دولار استرالي,AE,
2018-07-01,0,دولار استرالي,AE,
2018-08-01,0,دولار استرالي,AE,
2018-09-01,0,دولار استرالي,AE,
2018-10-01,0,دولار استرالي,AE,
2018-11-01,1,دولار استرالي,AE,
2018-12-01,0,دولار استرالي,AE,
2019-01-01,0,دولار استرالي,AE,
2019-02-01,0,دولار استرالي,AE,
2019-03-01,0,دولار استرالي,AE,
2019-04-01,1,دولار استرالي,AE,
2019-05-01,0,دولار استرالي,AE,
2019-06-01,0,دولار استرالي,AE,
2019-07-01,1,دولار استرالي,AE,
2019-08-01,1,دولار استرالي,AE,
2019-09-01,1,دولار استرالي,AE,
2019-10-01,0,دولار استرالي,AE,
2019-11-01,0,دولار استرالي,AE,
2019-12-01,1,دولار استرالي,AE,
2020-01-01,2,دولار استرالي,AE,
2020-02-01,0,دولار استرالي,AE,
2020-03-01,0,دولار استرالي,AE,
2020-04-01,0,دولار استرالي,AE,
2020-05-01,0,دولار استرالي,AE,
2020-06-01,0,دولار استرالي,AE,
2020-07-01,0,دولار استرالي,AE,
2020-08-01,0,دولار استرالي,AE,
2020-09-01,0,دولار استرالي,AE,
2020-10-01,0,دولار استرالي,AE,
2020-11-01,2,دولار استرالي,AE,
2020-12-01,1,دولار استرالي,AE,
2021-01-01,0,دولار استرالي,AE,
2021-02-01,0,دولار استرالي,AE,
2021-03-01,0,دولار استرالي,AE,
2021-04-01,0,دولار استرالي,AE,
2021-05-01,0,دولار استرالي,AE,
2021-06-01,0,دولار استرالي,AE,
2021-07-01,1,دولار استرالي,AE,
2021-08-01,0,دولار استرالي,AE,
2021-09-01,0,دولار استرالي,AE,
2021-10-01,1,دولار استرالي,AE,
2021-11-01,0,دولار استرالي,AE,
2021-12-01,0,دولار استرالي,AE,
2022-01-01,1,دولار استرالي,AE,
2022-02-01,2,دولار استرالي,AE,
2022-03-01,1,دولار استرالي,AE,
2022-04-01,1,دولار استرالي,AE,
2022-05-01,2,دولار استرالي,AE,
2022-06-01,1,دولار استرالي,AE,
2022-07-01,0,دولار استرالي,AE,
2022-08-01,2,دولار استرالي,AE,
2022-09-01,1,دولار استرالي,AE,
2022-10-01,0,دولار استرالي,AE,
2022-11-01,1,دولار استرالي,AE,
2022-12-01,0,دولار استرالي,AE,
2023-01-01,1,دولار استرالي,AE,
2023-02-01,1,دولار استرالي,AE,
2023-03-01,0,دولار استرالي,AE,
2023-04-01,0,دولار استرالي,AE,
2023-05-01,0,دولار استرالي,AE,
2004-01-01,0,روبل,AE,Rouble
2004-02-01,0,روبل,AE,Rouble
2004-03-01,100,روبل,AE,Rouble
2004-04-01,0,روبل,AE,Rouble
2004-05-01,0,روبل,AE,Rouble
2004-06-01,0,روبل,AE,Rouble
2004-07-01,33,روبل,AE,Rouble
2004-08-01,0,روبل,AE,Rouble
2004-09-01,0,روبل,AE,Rouble
2004-10-01,0,روبل,AE,Rouble
2004-11-01,0,روبل,AE,Rouble
2004-12-01,0,روبل,AE,Rouble
2005-01-01,0,روبل,AE,Rouble
2005-02-01,0,روبل,AE,Rouble
2005-03-01,0,روبل,AE,Rouble
2005-04-01,0,روبل,AE,Rouble
2005-05-01,0,روبل,AE,Rouble
2005-06-01,0,روبل,AE,Rouble
2005-07-01,0,روبل,AE,Rouble
2005-08-01,0,روبل,AE,Rouble
2005-09-01,0,روبل,AE,Rouble
2005-10-01,0,روبل,AE,Rouble
2005-11-01,0,روبل,AE,Rouble
2005-12-01,0,روبل,AE,Rouble
2006-01-01,0,روبل,AE,Rouble
2006-02-01,0,روبل,AE,Rouble
2006-03-01,0,روبل,AE,Rouble
2006-04-01,0,روبل,AE,Rouble
2006-05-01,0,روبل,AE,Rouble
2006-06-01,0,روبل,AE,Rouble
2006-07-01,0,روبل,AE,Rouble
2006-08-01,14,روبل,AE,Rouble
2006-09-01,21,روبل,AE,Rouble
2006-10-01,0,روبل,AE,Rouble
2006-11-01,0,روبل,AE,Rouble
2006-12-01,0,روبل,AE,Rouble
2007-01-01,0,روبل,AE,Rouble
2007-02-01,11,روبل,AE,Rouble
2007-03-01,0,روبل,AE,Rouble
2007-04-01,0,روبل,AE,Rouble
2007-05-01,0,روبل,AE,Rouble
2007-06-01,0,روبل,AE,Rouble
2007-07-01,9,روبل,AE,Rouble
2007-08-01,0,روبل,AE,Rouble
2007-09-01,0,روبل,AE,Rouble
2007-10-01,0,روبل,AE,Rouble
2007-11-01,0,روبل,AE,Rouble
2007-12-01,0,روبل,AE,Rouble
2008-01-01,0,روبل,AE,Rouble
2008-02-01,0,روبل,AE,Rouble
2008-03-01,0,روبل,AE,Rouble
2008-04-01,0,روبل,AE,Rouble
2008-05-01,0,روبل,AE,Rouble
2008-06-01,0,روبل,AE,Rouble
2008-07-01,0,روبل,AE,Rouble
2008-08-01,0,روبل,AE,Rouble
2008-09-01,0,روبل,AE,Rouble
2008-10-01,0,روبل,AE,Rouble
2008-11-01,5,روبل,AE,Rouble
2008-12-01,0,روبل,AE,Rouble
2009-01-01,0,روبل,AE,Rouble
2009-02-01,8,روبل,AE,Rouble
2009-03-01,0,روبل,AE,Rouble
2009-04-01,0,روبل,AE,Rouble
2009-05-01,0,روبل,AE,Rouble
2009-06-01,0,روبل,AE,Rouble
2009-07-01,5,روبل,AE,Rouble
2009-08-01,0,روبل,AE,Rouble
2009-09-01,0,روبل,AE,Rouble
2009-10-01,0,روبل,AE,Rouble
2009-11-01,4,روبل,AE,Rouble
2009-12-01,0,روبل,AE,Rouble
2010-01-01,0,روبل,AE,Rouble
2010-02-01,0,روبل,AE,Rouble
2010-03-01,0,روبل,AE,Rouble
2010-04-01,0,روبل,AE,Rouble
2010-05-01,0,روبل,AE,Rouble
2010-06-01,0,روبل,AE,Rouble
2010-07-01,4,روبل,AE,Rouble
2010-08-01,0,روبل,AE,Rouble
2010-09-01,0,روبل,AE,Rouble
2010-10-01,0,روبل,AE,Rouble
2010-11-01,0,روبل,AE,Rouble
2010-12-01,0,روبل,AE,Rouble
2011-01-01,0,روبل,AE,Rouble
2011-02-01,0,روبل,AE,Rouble
2011-03-01,0,روبل,AE,Rouble
2011-04-01,0,روبل,AE,Rouble
2011-05-01,0,روبل,AE,Rouble
2011-06-01,0,روبل,AE,Rouble
2011-07-01,0,روبل,AE,Rouble
2011-08-01,0,روبل,AE,Rouble
2011-09-01,3,روبل,AE,Rouble
2011-10-01,0,روبل,AE,Rouble
2011-11-01,0,روبل,AE,Rouble
2011-12-01,0,روبل,AE,Rouble
2012-01-01,0,روبل,AE,Rouble
2012-02-01,0,روبل,AE,Rouble
2012-03-01,0,روبل,AE,Rouble
2012-04-01,0,روبل,AE,Rouble
2012-05-01,1,روبل,AE,Rouble
2012-06-01,0,روبل,AE,Rouble
2012-07-01,1,روبل,AE,Rouble
2012-08-01,1,روبل,AE,Rouble
2012-09-01,0,روبل,AE,Rouble
2012-10-01,0,روبل,AE,Rouble
2012-11-01,0,روبل,AE,Rouble
2012-12-01,1,روبل,AE,Rouble
2013-01-01,0,روبل,AE,Rouble
2013-02-01,0,روبل,AE,Rouble
2013-03-01,0,روبل,AE,Rouble
2013-04-01,0,روبل,AE,Rouble
2013-05-01,0,روبل,AE,Rouble
2013-06-01,0,روبل,AE,Rouble
2013-07-01,0,روبل,AE,Rouble
2013-08-01,0,روبل,AE,Rouble
2013-09-01,0,روبل,AE,Rouble
2013-10-01,0,روبل,AE,Rouble
2013-11-01,0,روبل,AE,Rouble
2013-12-01,1,روبل,AE,Rouble
2014-01-01,0,روبل,AE,Rouble
2014-02-01,0,روبل,AE,Rouble
2014-03-01,0,روبل,AE,Rouble
2014-04-01,0,روبل,AE,Rouble
2014-05-01,0,روبل,AE,Rouble
2014-06-01,1,روبل,AE,Rouble
2014-07-01,1,روبل,AE,Rouble
2014-08-01,0,روبل,AE,Rouble
2014-09-01,1,روبل,AE,Rouble
2014-10-01,0,روبل,AE,Rouble
2014-11-01,0,روبل,AE,Rouble
2014-12-01,0,روبل,AE,Rouble
2015-01-01,0,روبل,AE,Rouble
2015-02-01,0,روبل,AE,Rouble
2015-03-01,0,روبل,AE,Rouble
2015-04-01,0,روبل,AE,Rouble
2015-05-01,1,روبل,AE,Rouble
2015-06-01,2,روبل,AE,Rouble
2015-07-01,0,روبل,AE,Rouble
2015-08-01,1,روبل,AE,Rouble
2015-09-01,0,روبل,AE,Rouble
2015-10-01,0,روبل,AE,Rouble
2015-11-01,1,روبل,AE,Rouble
2015-12-01,0,روبل,AE,Rouble
2016-01-01,0,روبل,AE,Rouble
2016-02-01,0,روبل,AE,Rouble
2016-03-01,1,روبل,AE,Rouble
2016-04-01,0,روبل,AE,Rouble
2016-05-01,0,روبل,AE,Rouble
2016-06-01,0,روبل,AE,Rouble
2016-07-01,0,روبل,AE,Rouble
2016-08-01,0,روبل,AE,Rouble
2016-09-01,0,روبل,AE,Rouble
2016-10-01,0,روبل,AE,Rouble
2016-11-01,0,روبل,AE,Rouble
2016-12-01,0,روبل,AE,Rouble
2017-01-01,1,روبل,AE,Rouble
2017-02-01,0,روبل,AE,Rouble
2017-03-01,0,روبل,AE,Rouble
2017-04-01,1,روبل,AE,Rouble
2017-05-01,2,روبل,AE,Rouble
2017-06-01,1,روبل,AE,Rouble
2017-07-01,1,روبل,AE,Rouble
2017-08-01,0,روبل,AE,Rouble
2017-09-01,2,روبل,AE,Rouble
2017-10-01,0,روبل,AE,Rouble
2017-11-01,0,روبل,AE,Rouble
2017-12-01,1,روبل,AE,Rouble
2018-01-01,1,روبل,AE,Rouble
2018-02-01,1,روبل,AE,Rouble
2018-03-01,0,روبل,AE,Rouble
2018-04-01,0,روبل,AE,Rouble
2018-05-01,0,روبل,AE,Rouble
2018-06-01,1,روبل,AE,Rouble
2018-07-01,0,روبل,AE,Rouble
2018-08-01,2,روبل,AE,Rouble
2018-09-01,2,روبل,AE,Rouble
2018-10-01,0,روبل,AE,Rouble
2018-11-01,0,روبل,AE,Rouble
2018-12-01,0,روبل,AE,Rouble
2019-01-01,1,روبل,AE,Rouble
2019-02-01,0,روبل,AE,Rouble
2019-03-01,0,روبل,AE,Rouble
2019-04-01,0,روبل,AE,Rouble
2019-05-01,0,روبل,AE,Rouble
2019-06-01,1,روبل,AE,Rouble
2019-07-01,0,روبل,AE,Rouble
2019-08-01,2,روبل,AE,Rouble
2019-09-01,0,روبل,AE,Rouble
2019-10-01,0,روبل,AE,Rouble
2019-11-01,0,روبل,AE,Rouble
2019-12-01,1,روبل,AE,Rouble
2020-01-01,0,روبل,AE,Rouble
2020-02-01,0,روبل,AE,Rouble
2020-03-01,0,روبل,AE,Rouble
2020-04-01,0,روبل,AE,Rouble
2020-05-01,0,روبل,AE,Rouble
2020-06-01,0,روبل,AE,Rouble
2020-07-01,1,روبل,AE,Rouble
2020-08-01,1,روبل,AE,Rouble
2020-09-01,0,روبل,AE,Rouble
2020-10-01,0,روبل,AE,Rouble
2020-11-01,0,روبل,AE,Rouble
2020-12-01,0,روبل,AE,Rouble
2021-01-01,0,روبل,AE,Rouble
2021-02-01,0,روبل,AE,Rouble
2021-03-01,1,روبل,AE,Rouble
2021-04-01,0,روبل,AE,Rouble
2021-05-01,1,روبل,AE,Rouble
2021-06-01,1,روبل,AE,Rouble
2021-07-01,1,روبل,AE,Rouble
2021-08-01,0,روبل,AE,Rouble
2021-09-01,1,روبل,AE,Rouble
2021-10-01,1,روبل,AE,Rouble
2021-11-01,0,روبل,AE,Rouble
2021-12-01,1,روبل,AE,Rouble
2022-01-01,1,روبل,AE,Rouble
2022-02-01,2,روبل,AE,Rouble
2022-03-01,3,روبل,AE,Rouble
2022-04-01,2,روبل,AE,Rouble
2022-05-01,3,روبل,AE,Rouble
2022-06-01,1,روبل,AE,Rouble
2022-07-01,3,روبل,AE,Rouble
2022-08-01,5,روبل,AE,Rouble
2022-09-01,1,روبل,AE,Rouble
2022-10-01,1,روبل,AE,Rouble
2022-11-01,2,روبل,AE,Rouble
2022-12-01,1,روبل,AE,Rouble
2023-01-01,1,روبل,AE,Rouble
2023-02-01,1,روبل,AE,Rouble
2023-03-01,2,روبل,AE,Rouble
2023-04-01,1,روبل,AE,Rouble
2023-05-01,2,روبل,AE,Rouble
2004-01-01,0,مجموع,AE,
2004-02-01,0,مجموع,AE,
2004-03-01,0,مجموع,AE,
2004-04-01,0,مجموع,AE,
2004-05-01,0,مجموع,AE,
2004-06-01,0,مجموع,AE,
2004-07-01,0,مجموع,AE,
2004-08-01,0,مجموع,AE,
2004-09-01,0,مجموع,AE,
2004-10-01,0,مجموع,AE,
2004-11-01,0,مجموع,AE,
2004-12-01,0,مجموع,AE,
2005-01-01,86,مجموع,AE,
2005-02-01,0,مجموع,AE,
2005-03-01,48,مجموع,AE,
2005-04-01,0,مجموع,AE,
2005-05-01,0,مجموع,AE,
2005-06-01,0,مجموع,AE,
2005-07-01,0,مجموع,AE,
2005-08-01,0,مجموع,AE,
2005-09-01,100,مجموع,AE,
2005-10-01,0,مجموع,AE,
2005-11-01,0,مجموع,AE,
2005-12-01,33,مجموع,AE,
2006-01-01,0,مجموع,AE,
2006-02-01,0,مجموع,AE,
2006-03-01,0,مجموع,AE,
2006-04-01,14,مجموع,AE,
2006-05-01,0,مجموع,AE,
2006-06-01,0,مجموع,AE,
2006-07-01,0,مجموع,AE,
2006-08-01,0,مجموع,AE,
2006-09-01,0,مجموع,AE,
2006-10-01,0,مجموع,AE,
2006-11-01,0,مجموع,AE,
2006-12-01,19,مجموع,AE,
2007-01-01,0,مجموع,AE,
2007-02-01,0,مجموع,AE,
2007-03-01,0,مجموع,AE,
2007-04-01,0,مجموع,AE,
2007-05-01,0,مجموع,AE,
2007-06-01,0,مجموع,AE,
2007-07-01,0,مجموع,AE,
2007-08-01,0,مجموع,AE,
2007-09-01,0,مجموع,AE,
2007-10-01,19,مجموع,AE,
2007-11-01,0,مجموع,AE,
2007-12-01,0,مجموع,AE,
2008-01-01,0,مجموع,AE,
2008-02-01,0,مجموع,AE,
2008-03-01,13,مجموع,AE,
2008-04-01,0,مجموع,AE,
2008-05-01,8,مجموع,AE,
2008-06-01,0,مجموع,AE,
2008-07-01,33,مجموع,AE,
2008-08-01,0,مجموع,AE,
2008-09-01,7,مجموع,AE,
2008-10-01,11,مجموع,AE,
2008-11-01,0,مجموع,AE,
2008-12-01,19,مجموع,AE,
2009-01-01,0,مجموع,AE,
2009-02-01,6,مجموع,AE,
2009-03-01,0,مجموع,AE,
2009-04-01,13,مجموع,AE,
2009-05-01,0,مجموع,AE,
2009-06-01,0,مجموع,AE,
2009-07-01,4,مجموع,AE,
2009-08-01,9,مجموع,AE,
2009-09-01,7,مجموع,AE,
2009-10-01,0,مجموع,AE,
2009-11-01,8,مجموع,AE,
2009-12-01,4,مجموع,AE,
2010-01-01,0,مجموع,AE,
2010-02-01,4,مجموع,AE,
2010-03-01,3,مجموع,AE,
2010-04-01,3,مجموع,AE,
2010-05-01,5,مجموع,AE,
2010-06-01,4,مجموع,AE,
2010-07-01,0,مجموع,AE,
2010-08-01,0,مجموع,AE,
2010-09-01,0,مجموع,AE,
2010-10-01,2,مجموع,AE,
2010-11-01,5,مجموع,AE,
2010-12-01,7,مجموع,AE,
2011-01-01,2,مجموع,AE,
2011-02-01,3,مجموع,AE,
2011-03-01,4,مجموع,AE,
2011-04-01,2,مجموع,AE,
2011-05-01,3,مجموع,AE,
2011-06-01,2,مجموع,AE,
2011-07-01,4,مجموع,AE,
2011-08-01,5,مجموع,AE,
2011-09-01,2,مجموع,AE,
2011-10-01,0,مجموع,AE,
2011-11-01,0,مجموع,AE,
2011-12-01,3,مجموع,AE,
2012-01-01,3,مجموع,AE,
2012-02-01,4,مجموع,AE,
2012-03-01,2,مجموع,AE,
2012-04-01,0,مجموع,AE,
2012-05-01,2,مجموع,AE,
2012-06-01,2,مجموع,AE,
2012-07-01,7,مجموع,AE,
2012-08-01,2,مجموع,AE,
2012-09-01,2,مجموع,AE,
2012-10-01,0,مجموع,AE,
2012-11-01,5,مجموع,AE,
2012-12-01,0,مجموع,AE,
2013-01-01,3,مجموع,AE,
2013-02-01,0,مجموع,AE,
2013-03-01,2,مجموع,AE,
2013-04-01,0,مجموع,AE,
2013-05-01,2,مجموع,AE,
2013-06-01,3,مجموع,AE,
2013-07-01,1,مجموع,AE,
2013-08-01,2,مجموع,AE,
2013-09-01,2,مجموع,AE,
2013-10-01,2,مجموع,AE,
2013-11-01,1,مجموع,AE,
2013-12-01,0,مجموع,AE,
2014-01-01,1,مجموع,AE,
2014-02-01,4,مجموع,AE,
2014-03-01,2,مجموع,AE,
2014-04-01,2,مجموع,AE,
2014-05-01,6,مجموع,AE,
2014-06-01,1,مجموع,AE,
2014-07-01,4,مجموع,AE,
2014-08-01,0,مجموع,AE,
2014-09-01,2,مجموع,AE,
2014-10-01,3,مجموع,AE,
2014-11-01,2,مجموع,AE,
2014-12-01,3,مجموع,AE,
2015-01-01,1,مجموع,AE,
2015-02-01,0,مجموع,AE,
2015-03-01,3,مجموع,AE,
2015-04-01,1,مجموع,AE,
2015-05-01,2,مجموع,AE,
2015-06-01,2,مجموع,AE,
2015-07-01,1,مجموع,AE,
2015-08-01,2,مجموع,AE,
2015-09-01,2,مجموع,AE,
2015-10-01,3,مجموع,AE,
2015-11-01,0,مجموع,AE,
2015-12-01,3,مجموع,AE,
2016-01-01,3,مجموع,AE,
2016-02-01,5,مجموع,AE,
2016-03-01,3,مجموع,AE,
2016-04-01,3,مجموع,AE,
2016-05-01,1,مجموع,AE,
2016-06-01,4,مجموع,AE,
2016-07-01,0,مجموع,AE,
2016-08-01,0,مجموع,AE,
2016-09-01,3,مجموع,AE,
2016-10-01,2,مجموع,AE,
2016-11-01,1,مجموع,AE,
2016-12-01,1,مجموع,AE,
2017-01-01,1,مجموع,AE,
2017-02-01,1,مجموع,AE,
2017-03-01,2,مجموع,AE,
2017-04-01,2,مجموع,AE,
2017-05-01,2,مجموع,AE,
2017-06-01,1,مجموع,AE,
2017-07-01,1,مجموع,AE,
2017-08-01,2,مجموع,AE,
2017-09-01,1,مجموع,AE,
2017-10-01,4,مجموع,AE,
2017-11-01,2,مجموع,AE,
2017-12-01,0,مجموع,AE,
2018-01-01,2,مجموع,AE,
2018-02-01,3,مجموع,AE,
2018-03-01,2,مجموع,AE,
2018-04-01,5,مجموع,AE,
2018-05-01,5,مجموع,AE,
2018-06-01,4,مجموع,AE,
2018-07-01,4,مجموع,AE,
2018-08-01,1,مجموع,AE,
2018-09-01,2,مجموع,AE,
2018-10-01,1,مجموع,AE,
2018-11-01,2,مجموع,AE,
2018-12-01,1,مجموع,AE,
2019-01-01,3,مجموع,AE,
2019-02-01,2,مجموع,AE,
2019-03-01,2,مجموع,AE,
2019-04-01,2,مجموع,AE,
2019-05-01,0,مجموع,AE,
2019-06-01,4,مجموع,AE,
2019-07-01,1,مجموع,AE,
2019-08-01,2,مجموع,AE,
2019-09-01,3,مجموع,AE,
2019-10-01,1,مجموع,AE,
2019-11-01,4,مجموع,AE,
2019-12-01,3,مجموع,AE,
2020-01-01,1,مجموع,AE,
2020-02-01,3,مجموع,AE,
2020-03-01,3,مجموع,AE,
2020-04-01,6,مجموع,AE,
2020-05-01,5,مجموع,AE,
2020-06-01,4,مجموع,AE,
2020-07-01,2,مجموع,AE,
2020-08-01,4,مجموع,AE,
2020-09-01,6,مجموع,AE,
2020-10-01,5,مجموع,AE,
2020-11-01,6,مجموع,AE,
2020-12-01,2,مجموع,AE,
2021-01-01,6,مجموع,AE,
2021-02-01,7,مجموع,AE,
2021-03-01,5,مجموع,AE,
2021-04-01,3,مجموع,AE,
2021-05-01,8,مجموع,AE,
2021-06-01,7,مجموع,AE,
2021-07-01,3,مجموع,AE,
2021-08-01,2,مجموع,AE,
2021-09-01,5,مجموع,AE,
2021-10-01,4,مجموع,AE,
2021-11-01,3,مجموع,AE,
2021-12-01,2,مجموع,AE,
2022-01-01,6,مجموع,AE,
2022-02-01,9,مجموع,AE,
2022-03-01,6,مجموع,AE,
2022-04-01,3,مجموع,AE,
2022-05-01,4,مجموع,AE,
2022-06-01,4,مجموع,AE,
2022-07-01,2,مجموع,AE,
2022-08-01,4,مجموع,AE,
2022-09-01,3,مجموع,AE,
2022-10-01,4,مجموع,AE,
2022-11-01,6,مجموع,AE,
2022-12-01,2,مجموع,AE,
2023-01-01,4,مجموع,AE,
2023-02-01,6,مجموع,AE,
2023-03-01,7,مجموع,AE,
2023-04-01,2,مجموع,AE,
2023-05-01,4,مجموع,AE,
2004-01-01,0,ليون,AE,
2004-02-01,100,ليون,AE,
2004-03-01,0,ليون,AE,
2004-04-01,42,ليون,AE,
2004-05-01,0,ليون,AE,
2004-06-01,0,ليون,AE,
2004-07-01,0,ليون,AE,
2004-08-01,0,ليون,AE,
2004-09-01,0,ليون,AE,
2004-10-01,0,ليون,AE,
2004-11-01,0,ليون,AE,
2004-12-01,0,ليون,AE,
2005-01-01,0,ليون,AE,
2005-02-01,0,ليون,AE,
2005-03-01,74,ليون,AE,
2005-04-01,17,ليون,AE,
2005-05-01,0,ليون,AE,
2005-06-01,0,ليون,AE,
2005-07-01,0,ليون,AE,
2005-08-01,16,ليون,AE,
2005-09-01,0,ليون,AE,
2005-10-01,0,ليون,AE,
2005-11-01,0,ليون,AE,
2005-12-01,0,ليون,AE,
2006-01-01,0,ليون,AE,
2006-02-01,0,ليون,AE,
2006-03-01,0,ليون,AE,
2006-04-01,0,ليون,AE,
2006-05-01,0,ليون,AE,
2006-06-01,0,ليون,AE,
2006-07-01,0,ليون,AE,
2006-08-01,0,ليون,AE,
2006-09-01,9,ليون,AE,
2006-10-01,0,ليون,AE,
2006-11-01,24,ليون,AE,
2006-12-01,0,ليون,AE,
2007-01-01,0,ليون,AE,
2007-02-01,7,ليون,AE,
2007-03-01,0,ليون,AE,
2007-04-01,0,ليون,AE,
2007-05-01,5,ليون,AE,
2007-06-01,6,ليون,AE,
2007-07-01,0,ليون,AE,
2007-08-01,4,ليون,AE,
2007-09-01,7,ليون,AE,
2007-10-01,0,ليون,AE,
2007-11-01,0,ليون,AE,
2007-12-01,4,ليون,AE,
2008-01-01,3,ليون,AE,
2008-02-01,0,ليون,AE,
2008-03-01,0,ليون,AE,
2008-04-01,10,ليون,AE,
2008-05-01,6,ليون,AE,
2008-06-01,4,ليون,AE,
2008-07-01,0,ليون,AE,
2008-08-01,0,ليون,AE,
2008-09-01,3,ليون,AE,
2008-10-01,4,ليون,AE,
2008-11-01,3,ليون,AE,
2008-12-01,0,ليون,AE,
2009-01-01,0,ليون,AE,
2009-02-01,0,ليون,AE,
2009-03-01,3,ليون,AE,
2009-04-01,0,ليون,AE,
2009-05-01,2,ليون,AE,
2009-06-01,0,ليون,AE,
2009-07-01,4,ليون,AE,
2009-08-01,2,ليون,AE,
2009-09-01,5,ليون,AE,
2009-10-01,2,ليون,AE,
2009-11-01,4,ليون,AE,
2009-12-01,3,ليون,AE,
2010-01-01,2,ليون,AE,
2010-02-01,0,ليون,AE,
2010-03-01,1,ليون,AE,
2010-04-01,13,ليون,AE,
2010-05-01,0,ليون,AE,
2010-06-01,0,ليون,AE,
2010-07-01,5,ليون,AE,
2010-08-01,4,ليون,AE,
2010-09-01,2,ليون,AE,
2010-10-01,0,ليون,AE,
2010-11-01,4,ليون,AE,
2010-12-01,3,ليون,AE,
2011-01-01,5,ليون,AE,
2011-02-01,7,ليون,AE,
2011-03-01,3,ليون,AE,
2011-04-01,1,ليون,AE,
2011-05-01,4,ليون,AE,
2011-06-01,3,ليون,AE,
2011-07-01,0,ليون,AE,
2011-08-01,0,ليون,AE,
2011-09-01,3,ليون,AE,
2011-10-01,3,ليون,AE,
2011-11-01,3,ليون,AE,
2011-12-01,3,ليون,AE,
2012-01-01,3,ليون,AE,
2012-02-01,5,ليون,AE,
2012-03-01,0,ليون,AE,
2012-04-01,1,ليون,AE,
2012-05-01,3,ليون,AE,
2012-06-01,3,ليون,AE,
2012-07-01,2,ليون,AE,
2012-08-01,3,ليون,AE,
2012-09-01,1,ليون,AE,
2012-10-01,1,ليون,AE,
2012-11-01,2,ليون,AE,
2012-12-01,1,ليون,AE,
2013-01-01,3,ليون,AE,
2013-02-01,2,ليون,AE,
2013-03-01,1,ليون,AE,
2013-04-01,1,ليون,AE,
2013-05-01,2,ليون,AE,
2013-06-01,1,ليون,AE,
2013-07-01,3,ليون,AE,
2013-08-01,3,ليون,AE,
2013-09-01,6,ليون,AE,
2013-10-01,1,ليون,AE,
2013-11-01,2,ليون,AE,
2013-12-01,0,ليون,AE,
2014-01-01,2,ليون,AE,
2014-02-01,1,ليون,AE,
2014-03-01,1,ليون,AE,
2014-04-01,2,ليون,AE,
2014-05-01,2,ليون,AE,
2014-06-01,0,ليون,AE,
2014-07-01,1,ليون,AE,
2014-08-01,1,ليون,AE,
2014-09-01,0,ليون,AE,
2014-10-01,1,ليون,AE,
2014-11-01,0,ليون,AE,
2014-12-01,1,ليون,AE,
2015-01-01,3,ليون,AE,
2015-02-01,3,ليون,AE,
2015-03-01,1,ليون,AE,
2015-04-01,2,ليون,AE,
2015-05-01,2,ليون,AE,
2015-06-01,2,ليون,AE,
2015-07-01,2,ليون,AE,
2015-08-01,2,ليون,AE,
2015-09-01,3,ليون,AE,
2015-10-01,2,ليون,AE,
2015-11-01,1,ليون,AE,
2015-12-01,2,ليون,AE,
2016-01-01,3,ليون,AE,
2016-02-01,2,ليون,AE,
2016-03-01,3,ليون,AE,
2016-04-01,1,ليون,AE,
2016-05-01,2,ليون,AE,
2016-06-01,0,ليون,AE,
2016-07-01,2,ليون,AE,
2016-08-01,2,ليون,AE,
2016-09-01,1,ليون,AE,
2016-10-01,2,ليون,AE,
2016-11-01,1,ليون,AE,
2016-12-01,1,ليون,AE,
2017-01-01,1,ليون,AE,
2017-02-01,1,ليون,AE,
2017-03-01,2,ليون,AE,
2017-04-01,2,ليون,AE,
2017-05-01,2,ليون,AE,
2017-06-01,2,ليون,AE,
2017-07-01,2,ليون,AE,
2017-08-01,2,ليون,AE,
2017-09-01,1,ليون,AE,
2017-10-01,1,ليون,AE,
2017-11-01,1,ليون,AE,
2017-12-01,1,ليون,AE,
2018-01-01,2,ليون,AE,
2018-02-01,2,ليون,AE,
2018-03-01,1,ليون,AE,
2018-04-01,1,ليون,AE,
2018-05-01,1,ليون,AE,
2018-06-01,1,ليون,AE,
2018-07-01,2,ليون,AE,
2018-08-01,2,ليون,AE,
2018-09-01,1,ليون,AE,
2018-10-01,1,ليون,AE,
2018-11-01,2,ليون,AE,
2018-12-01,3,ليون,AE,
2019-01-01,0,ليون,AE,
2019-02-01,2,ليون,AE,
2019-03-01,3,ليون,AE,
2019-04-01,1,ليون,AE,
2019-05-01,1,ليون,AE,
2019-06-01,2,ليون,AE,
2019-07-01,2,ليون,AE,
2019-08-01,1,ليون,AE,
2019-09-01,2,ليون,AE,
2019-10-01,2,ليون,AE,
2019-11-01,2,ليون,AE,
2019-12-01,1,ليون,AE,
2020-01-01,1,ليون,AE,
2020-02-01,2,ليون,AE,
2020-03-01,2,ليون,AE,
2020-04-01,1,ليون,AE,
2020-05-01,1,ليون,AE,
2020-06-01,1,ليون,AE,
2020-07-01,1,ليون,AE,
2020-08-01,11,ليون,AE,
2020-09-01,2,ليون,AE,
2020-10-01,2,ليون,AE,
2020-11-01,2,ليون,AE,
2020-12-01,2,ليون,AE,
2021-01-01,1,ليون,AE,
2021-02-01,2,ليون,AE,
2021-03-01,2,ليون,AE,
2021-04-01,1,ليون,AE,
2021-05-01,2,ليون,AE,
2021-06-01,1,ليون,AE,
2021-07-01,2,ليون,AE,
2021-08-01,2,ليون,AE,
2021-09-01,3,ليون,AE,
2021-10-01,2,ليون,AE,
2021-11-01,1,ليون,AE,
2021-12-01,2,ليون,AE,
2022-01-01,1,ليون,AE,
2022-02-01,2,ليون,AE,
2022-03-01,1,ليون,AE,
2022-04-01,1,ليون,AE,
2022-05-01,2,ليون,AE,
2022-06-01,2,ليون,AE,
2022-07-01,2,ليون,AE,
2022-08-01,2,ليون,AE,
2022-09-01,2,ليون,AE,
2022-10-01,1,ليون,AE,
2022-11-01,2,ليون,AE,
2022-12-01,6,ليون,AE,
2023-01-01,1,ليون,AE,
2023-02-01,2,ليون,AE,
2023-03-01,1,ليون,AE,
2023-04-01,2,ليون,AE,
2023-05-01,1,ليون,AE,
2004-01-01,100,جنيه سوداني,AE,
2004-02-01,0,جنيه سوداني,AE,
2004-03-01,0,جنيه سوداني,AE,
2004-04-01,0,جنيه سوداني,AE,
2004-05-01,0,جنيه سوداني,AE,
2004-06-01,0,جنيه سوداني,AE,
2004-07-01,0,جنيه سوداني,AE,
2004-08-01,0,جنيه سوداني,AE,
2004-09-01,0,جنيه سوداني,AE,
2004-10-01,0,جنيه سوداني,AE,
2004-11-01,0,جنيه سوداني,AE,
2004-12-01,56,جنيه سوداني,AE,
2005-01-01,0,جنيه سوداني,AE,
2005-02-01,0,جنيه سوداني,AE,
2005-03-01,0,جنيه سوداني,AE,
2005-04-01,0,جنيه سوداني,AE,
2005-05-01,30,جنيه سوداني,AE,
2005-06-01,0,جنيه سوداني,AE,
2005-07-01,0,جنيه سوداني,AE,
2005-08-01,0,جنيه سوداني,AE,
2005-09-01,0,جنيه سوداني,AE,
2005-10-01,0,جنيه سوداني,AE,
2005-11-01,0,جنيه سوداني,AE,
2005-12-01,0,جنيه سوداني,AE,
2006-01-01,0,جنيه سوداني,AE,
2006-02-01,0,جنيه سوداني,AE,
2006-03-01,0,جنيه سوداني,AE,
2006-04-01,0,جنيه سوداني,AE,
2006-05-01,12,جنيه سوداني,AE,
2006-06-01,0,جنيه سوداني,AE,
2006-07-01,0,جنيه سوداني,AE,
2006-08-01,0,جنيه سوداني,AE,
2006-09-01,0,جنيه سوداني,AE,
2006-10-01,25,جنيه سوداني,AE,
2006-11-01,0,جنيه سوداني,AE,
2006-12-01,0,جنيه سوداني,AE,
2007-01-01,0,جنيه سوداني,AE,
2007-02-01,0,جنيه سوداني,AE,
2007-03-01,28,جنيه سوداني,AE,
2007-04-01,0,جنيه سوداني,AE,
2007-05-01,0,جنيه سوداني,AE,
2007-06-01,0,جنيه سوداني,AE,
2007-07-01,0,جنيه سوداني,AE,
2007-08-01,0,جنيه سوداني,AE,
2007-09-01,5,جنيه سوداني,AE,
2007-10-01,0,جنيه سوداني,AE,
2007-11-01,0,جنيه سوداني,AE,
2007-12-01,0,جنيه سوداني,AE,
2008-01-01,0,جنيه سوداني,AE,
2008-02-01,6,جنيه سوداني,AE,
2008-03-01,9,جنيه سوداني,AE,
2008-04-01,0,جنيه سوداني,AE,
2008-05-01,7,جنيه سوداني,AE,
2008-06-01,0,جنيه سوداني,AE,
2008-07-01,0,جنيه سوداني,AE,
2008-08-01,0,جنيه سوداني,AE,
2008-09-01,0,جنيه سوداني,AE,
2008-10-01,0,جنيه سوداني,AE,
2008-11-01,0,جنيه سوداني,AE,
2008-12-01,0,جنيه سوداني,AE,
2009-01-01,0,جنيه سوداني,AE,
2009-02-01,0,جنيه سوداني,AE,
2009-03-01,0,جنيه سوداني,AE,
2009-04-01,0,جنيه سوداني,AE,
2009-05-01,0,جنيه سوداني,AE,
2009-06-01,0,جنيه سوداني,AE,
2009-07-01,7,جنيه سوداني,AE,
2009-08-01,0,جنيه سوداني,AE,
2009-09-01,0,جنيه سوداني,AE,
2009-10-01,0,جنيه سوداني,AE,
2009-11-01,0,جنيه سوداني,AE,
2009-12-01,0,جنيه سوداني,AE,
2010-01-01,0,جنيه سوداني,AE,
2010-02-01,0,جنيه سوداني,AE,
2010-03-01,0,جنيه سوداني,AE,
2010-04-01,4,جنيه سوداني,AE,
2010-05-01,0,جنيه سوداني,AE,
2010-06-01,0,جنيه سوداني,AE,
2010-07-01,0,جنيه سوداني,AE,
2010-08-01,6,جنيه سوداني,AE,
2010-09-01,0,جنيه سوداني,AE,
2010-10-01,3,جنيه سوداني,AE,
2010-11-01,0,جنيه سوداني,AE,
2010-12-01,0,جنيه سوداني,AE,
2011-01-01,0,جنيه سوداني,AE,
2011-02-01,0,جنيه سوداني,AE,
2011-03-01,0,جنيه سوداني,AE,
2011-04-01,0,جنيه سوداني,AE,
2011-05-01,0,جنيه سوداني,AE,
2011-06-01,0,جنيه سوداني,AE,
2011-07-01,0,جنيه سوداني,AE,
2011-08-01,0,جنيه سوداني,AE,
2011-09-01,0,جنيه سوداني,AE,
2011-10-01,0,جنيه سوداني,AE,
2011-11-01,0,جنيه سوداني,AE,
2011-12-01,0,جنيه سوداني,AE,
2012-01-01,0,جنيه سوداني,AE,
2012-02-01,0,جنيه سوداني,AE,
2012-03-01,1,جنيه سوداني,AE,
2012-04-01,0,جنيه سوداني,AE,
2012-05-01,0,جنيه سوداني,AE,
2012-06-01,0,جنيه سوداني,AE,
2012-07-01,0,جنيه سوداني,AE,
2012-08-01,0,جنيه سوداني,AE,
2012-09-01,0,جنيه سوداني,AE,
2012-10-01,0,جنيه سوداني,AE,
2012-11-01,0,جنيه سوداني,AE,
2012-12-01,0,جنيه سوداني,AE,
2013-01-01,0,جنيه سوداني,AE,
2013-02-01,0,جنيه سوداني,AE,
2013-03-01,0,جنيه سوداني,AE,
2013-04-01,0,جنيه سوداني,AE,
2013-05-01,0,جنيه سوداني,AE,
2013-06-01,0,جنيه سوداني,AE,
2013-07-01,0,جنيه سوداني,AE,
2013-08-01,1,جنيه سوداني,AE,
2013-09-01,2,جنيه سوداني,AE,
2013-10-01,0,جنيه سوداني,AE,
2013-11-01,1,جنيه سوداني,AE,
2013-12-01,0,جنيه سوداني,AE,
2014-01-01,0,جنيه سوداني,AE,
2014-02-01,0,جنيه سوداني,AE,
2014-03-01,0,جنيه سوداني,AE,
2014-04-01,0,جنيه سوداني,AE,
2014-05-01,0,جنيه سوداني,AE,
2014-06-01,1,جنيه سوداني,AE,
2014-07-01,0,جنيه سوداني,AE,
2014-08-01,0,جنيه سوداني,AE,
2014-09-01,1,جنيه سوداني,AE,
2014-10-01,0,جنيه سوداني,AE,
2014-11-01,0,جنيه سوداني,AE,
2014-12-01,0,جنيه سوداني,AE,
2015-01-01,0,جنيه سوداني,AE,
2015-02-01,0,جنيه سوداني,AE,
2015-03-01,0,جنيه سوداني,AE,
2015-04-01,0,جنيه سوداني,AE,
2015-05-01,0,جنيه سوداني,AE,
2015-06-01,0,جنيه سوداني,AE,
2015-07-01,0,جنيه سوداني,AE,
2015-08-01,0,جنيه سوداني,AE,
2015-09-01,0,جنيه سوداني,AE,
2015-10-01,0,جنيه سوداني,AE,
2015-11-01,0,جنيه سوداني,AE,
2015-12-01,1,جنيه سوداني,AE,
2016-01-01,1,جنيه سوداني,AE,
2016-02-01,0,جنيه سوداني,AE,
2016-03-01,1,جنيه سوداني,AE,
2016-04-01,0,جنيه سوداني,AE,
2016-05-01,0,جنيه سوداني,AE,
2016-06-01,3,جنيه سوداني,AE,
2016-07-01,0,جنيه سوداني,AE,
2016-08-01,0,جنيه سوداني,AE,
2016-09-01,1,جنيه سوداني,AE,
2016-10-01,0,جنيه سوداني,AE,
2016-11-01,1,جنيه سوداني,AE,
2016-12-01,0,جنيه سوداني,AE,
2017-01-01,0,جنيه سوداني,AE,
2017-02-01,0,جنيه سوداني,AE,
2017-03-01,0,جنيه سوداني,AE,
2017-04-01,0,جنيه سوداني,AE,
2017-05-01,0,جنيه سوداني,AE,
2017-06-01,1,جنيه سوداني,AE,
2017-07-01,0,جنيه سوداني,AE,
2017-08-01,1,جنيه سوداني,AE,
2017-09-01,1,جنيه سوداني,AE,
2017-10-01,0,جنيه سوداني,AE,
2017-11-01,0,جنيه سوداني,AE,
2017-12-01,1,جنيه سوداني,AE,
2018-01-01,1,جنيه سوداني,AE,
2018-02-01,0,جنيه سوداني,AE,
2018-03-01,0,جنيه سوداني,AE,
2018-04-01,1,جنيه سوداني,AE,
2018-05-01,0,جنيه سوداني,AE,
2018-06-01,0,جنيه سوداني,AE,
2018-07-01,0,جنيه سوداني,AE,
2018-08-01,0,جنيه سوداني,AE,
2018-09-01,0,جنيه سوداني,AE,
2018-10-01,0,جنيه سوداني,AE,
2018-11-01,0,جنيه سوداني,AE,
2018-12-01,0,جنيه سوداني,AE,
2019-01-01,0,جنيه سوداني,AE,
2019-02-01,1,جنيه سوداني,AE,
2019-03-01,0,جنيه سوداني,AE,
2019-04-01,1,جنيه سوداني,AE,
2019-05-01,2,جنيه سوداني,AE,
2019-06-01,0,جنيه سوداني,AE,
2019-07-01,1,جنيه سوداني,AE,
2019-08-01,1,جنيه سوداني,AE,
2019-09-01,1,جنيه سوداني,AE,
2019-10-01,1,جنيه سوداني,AE,
2019-11-01,0,جنيه سوداني,AE,
2019-12-01,0,جنيه سوداني,AE,
2020-01-01,1,جنيه سوداني,AE,
2020-02-01,1,جنيه سوداني,AE,
2020-03-01,0,جنيه سوداني,AE,
2020-04-01,0,جنيه سوداني,AE,
2020-05-01,0,جنيه سوداني,AE,
2020-06-01,1,جنيه سوداني,AE,
2020-07-01,1,جنيه سوداني,AE,
2020-08-01,0,جنيه سوداني,AE,
2020-09-01,0,جنيه سوداني,AE,
2020-10-01,0,جنيه سوداني,AE,
2020-11-01,0,جنيه سوداني,AE,
2020-12-01,1,جنيه سوداني,AE,
2021-01-01,0,جنيه سوداني,AE,
2021-02-01,1,جنيه سوداني,AE,
2021-03-01,2,جنيه سوداني,AE,
2021-04-01,1,جنيه سوداني,AE,
2021-05-01,2,جنيه سوداني,AE,
2021-06-01,1,جنيه سوداني,AE,
2021-07-01,1,جنيه سوداني,AE,
2021-08-01,2,جنيه سوداني,AE,
2021-09-01,0,جنيه سوداني,AE,
2021-10-01,1,جنيه سوداني,AE,
2021-11-01,1,جنيه سوداني,AE,
2021-12-01,2,جنيه سوداني,AE,
2022-01-01,0,جنيه سوداني,AE,
2022-02-01,1,جنيه سوداني,AE,
2022-03-01,1,جنيه سوداني,AE,
2022-04-01,1,جنيه سوداني,AE,
2022-05-01,1,جنيه سوداني,AE,
2022-06-01,1,جنيه سوداني,AE,
2022-07-01,2,جنيه سوداني,AE,
2022-08-01,2,جنيه سوداني,AE,
2022-09-01,2,جنيه سوداني,AE,
2022-10-01,2,جنيه سوداني,AE,
2022-11-01,2,جنيه سوداني,AE,
2022-12-01,2,جنيه سوداني,AE,
2023-01-01,3,جنيه سوداني,AE,
2023-02-01,2,جنيه سوداني,AE,
2023-03-01,1,جنيه سوداني,AE,
2023-04-01,1,جنيه سوداني,AE,
2023-05-01,1,جنيه سوداني,AE,
2004-01-01,0,دينار تونسي,AE,
2004-02-01,0,دينار تونسي,AE,
2004-03-01,0,دينار تونسي,AE,
2004-04-01,0,دينار تونسي,AE,
2004-05-01,0,دينار تونسي,AE,
2004-06-01,53,دينار تونسي,AE,
2004-07-01,69,دينار تونسي,AE,
2004-08-01,100,دينار تونسي,AE,
2004-09-01,0,دينار تونسي,AE,
2004-10-01,0,دينار تونسي,AE,
2004-11-01,0,دينار تونسي,AE,
2004-12-01,0,دينار تونسي,AE,
2005-01-01,0,دينار تونسي,AE,
2005-02-01,0,دينار تونسي,AE,
2005-03-01,0,دينار تونسي,AE,
2005-04-01,73,دينار تونسي,AE,
2005-05-01,0,دينار تونسي,AE,
2005-06-01,0,دينار تونسي,AE,
2005-07-01,0,دينار تونسي,AE,
2005-08-01,45,دينار تونسي,AE,
2005-09-01,0,دينار تونسي,AE,
2005-10-01,0,دينار تونسي,AE,
2005-11-01,76,دينار تونسي,AE,
2005-12-01,0,دينار تونسي,AE,
2006-01-01,0,دينار تونسي,AE,
2006-02-01,0,دينار تونسي,AE,
2006-03-01,0,دينار تونسي,AE,
2006-04-01,0,دينار تونسي,AE,
2006-05-01,0,دينار تونسي,AE,
2006-06-01,0,دينار تونسي,AE,
2006-07-01,19,دينار تونسي,AE,
2006-08-01,0,دينار تونسي,AE,
2006-09-01,0,دينار تونسي,AE,
2006-10-01,57,دينار تونسي,AE,
2006-11-01,0,دينار تونسي,AE,
2006-12-01,0,دينار تونسي,AE,
2007-01-01,21,دينار تونسي,AE,
2007-02-01,0,دينار تونسي,AE,
2007-03-01,12,دينار تونسي,AE,
2007-04-01,0,دينار تونسي,AE,
2007-05-01,0,دينار تونسي,AE,
2007-06-01,0,دينار تونسي,AE,
2007-07-01,0,دينار تونسي,AE,
2007-08-01,0,دينار تونسي,AE,
2007-09-01,0,دينار تونسي,AE,
2007-10-01,10,دينار تونسي,AE,
2007-11-01,12,دينار تونسي,AE,
2007-12-01,0,دينار تونسي,AE,
2008-01-01,0,دينار تونسي,AE,
2008-02-01,12,دينار تونسي,AE,
2008-03-01,0,دينار تونسي,AE,
2008-04-01,10,دينار تونسي,AE,
2008-05-01,0,دينار تونسي,AE,
2008-06-01,0,دينار تونسي,AE,
2008-07-01,0,دينار تونسي,AE,
2008-08-01,0,دينار تونسي,AE,
2008-09-01,0,دينار تونسي,AE,
2008-10-01,10,دينار تونسي,AE,
2008-11-01,0,دينار تونسي,AE,
2008-12-01,0,دينار تونسي,AE,
2009-01-01,0,دينار تونسي,AE,
2009-02-01,8,دينار تونسي,AE,
2009-03-01,0,دينار تونسي,AE,
2009-04-01,0,دينار تونسي,AE,
2009-05-01,0,دينار تونسي,AE,
2009-06-01,0,دينار تونسي,AE,
2009-07-01,0,دينار تونسي,AE,
2009-08-01,0,دينار تونسي,AE,
2009-09-01,11,دينار تونسي,AE,
2009-10-01,0,دينار تونسي,AE,
2009-11-01,0,دينار تونسي,AE,
2009-12-01,0,دينار تونسي,AE,
2010-01-01,0,دينار تونسي,AE,
2010-02-01,4,دينار تونسي,AE,
2010-03-01,0,دينار تونسي,AE,
2010-04-01,0,دينار تونسي,AE,
2010-05-01,0,دينار تونسي,AE,
2010-06-01,0,دينار تونسي,AE,
2010-07-01,4,دينار تونسي,AE,
2010-08-01,3,دينار تونسي,AE,
2010-09-01,6,دينار تونسي,AE,
2010-10-01,0,دينار تونسي,AE,
2010-11-01,0,دينار تونسي,AE,
2010-12-01,0,دينار تونسي,AE,
2011-01-01,3,دينار تونسي,AE,
2011-02-01,0,دينار تونسي,AE,
2011-03-01,7,دينار تونسي,AE,
2011-04-01,0,دينار تونسي,AE,
2011-05-01,2,دينار تونسي,AE,
2011-06-01,3,دينار تونسي,AE,
2011-07-01,0,دينار تونسي,AE,
2011-08-01,0,دينار تونسي,AE,
2011-09-01,2,دينار تونسي,AE,
2011-10-01,0,دينار تونسي,AE,
2011-11-01,0,دينار تونسي,AE,
2011-12-01,3,دينار تونسي,AE,
2012-01-01,0,دينار تونسي,AE,
2012-02-01,0,دينار تونسي,AE,
2012-03-01,0,دينار تونسي,AE,
2012-04-01,0,دينار تونسي,AE,
2012-05-01,3,دينار تونسي,AE,
2012-06-01,0,دينار تونسي,AE,
2012-07-01,0,دينار تونسي,AE,
2012-08-01,0,دينار تونسي,AE,
2012-09-01,0,دينار تونسي,AE,
2012-10-01,4,دينار تونسي,AE,
2012-11-01,0,دينار تونسي,AE,
2012-12-01,4,دينار تونسي,AE,
2013-01-01,4,دينار تونسي,AE,
2013-02-01,0,دينار تونسي,AE,
2013-03-01,2,دينار تونسي,AE,
2013-04-01,0,دينار تونسي,AE,
2013-05-01,0,دينار تونسي,AE,
2013-06-01,0,دينار تونسي,AE,
2013-07-01,3,دينار تونسي,AE,
2013-08-01,0,دينار تونسي,AE,
2013-09-01,0,دينار تونسي,AE,
2013-10-01,0,دينار تونسي,AE,
2013-11-01,0,دينار تونسي,AE,
2013-12-01,0,دينار تونسي,AE,
2014-01-01,0,دينار تونسي,AE,
2014-02-01,0,دينار تونسي,AE,
2014-03-01,0,دينار تونسي,AE,
2014-04-01,0,دينار تونسي,AE,
2014-05-01,1,دينار تونسي,AE,
2014-06-01,2,دينار تونسي,AE,
2014-07-01,0,دينار تونسي,AE,
2014-08-01,0,دينار تونسي,AE,
2014-09-01,0,دينار تونسي,AE,
2014-10-01,0,دينار تونسي,AE,
2014-11-01,1,دينار تونسي,AE,
2014-12-01,0,دينار تونسي,AE,
2015-01-01,0,دينار تونسي,AE,
2015-02-01,0,دينار تونسي,AE,
2015-03-01,0,دينار تونسي,AE,
2015-04-01,0,دينار تونسي,AE,
2015-05-01,0,دينار تونسي,AE,
2015-06-01,0,دينار تونسي,AE,
2015-07-01,0,دينار تونسي,AE,
2015-08-01,1,دينار تونسي,AE,
2015-09-01,0,دينار تونسي,AE,
2015-10-01,0,دينار تونسي,AE,
2015-11-01,1,دينار تونسي,AE,
2015-12-01,0,دينار تونسي,AE,
2016-01-01,0,دينار تونسي,AE,
2016-02-01,0,دينار تونسي,AE,
2016-03-01,0,دينار تونسي,AE,
2016-04-01,0,دينار تونسي,AE,
2016-05-01,3,دينار تونسي,AE,
2016-06-01,0,دينار تونسي,AE,
2016-07-01,0,دينار تونسي,AE,
2016-08-01,0,دينار تونسي,AE,
2016-09-01,1,دينار تونسي,AE,
2016-10-01,0,دينار تونسي,AE,
2016-11-01,0,دينار تونسي,AE,
2016-12-01,1,دينار تونسي,AE,
2017-01-01,0,دينار تونسي,AE,
2017-02-01,0,دينار تونسي,AE,
2017-03-01,1,دينار تونسي,AE,
2017-04-01,0,دينار تونسي,AE,
2017-05-01,2,دينار تونسي,AE,
2017-06-01,0,دينار تونسي,AE,
2017-07-01,0,دينار تونسي,AE,
2017-08-01,1,دينار تونسي,AE,
2017-09-01,0,دينار تونسي,AE,
2017-10-01,1,دينار تونسي,AE,
2017-11-01,1,دينار تونسي,AE,
2017-12-01,1,دينار تونسي,AE,
2018-01-01,1,دينار تونسي,AE,
2018-02-01,0,دينار تونسي,AE,
2018-03-01,1,دينار تونسي,AE,
2018-04-01,0,دينار تونسي,AE,
2018-05-01,0,دينار تونسي,AE,
2018-06-01,0,دينار تونسي,AE,
2018-07-01,1,دينار تونسي,AE,
2018-08-01,0,دينار تونسي,AE,
2018-09-01,3,دينار تونسي,AE,
2018-10-01,3,دينار تونسي,AE,
2018-11-01,0,دينار تونسي,AE,
2018-12-01,0,دينار تونسي,AE,
2019-01-01,1,دينار تونسي,AE,
2019-02-01,0,دينار تونسي,AE,
2019-03-01,0,دينار تونسي,AE,
2019-04-01,0,دينار تونسي,AE,
2019-05-01,0,دينار تونسي,AE,
2019-06-01,0,دينار تونسي,AE,
2019-07-01,1,دينار تونسي,AE,
2019-08-01,0,دينار تونسي,AE,
2019-09-01,2,دينار تونسي,AE,
2019-10-01,0,دينار تونسي,AE,
2019-11-01,2,دينار تونسي,AE,
2019-12-01,1,دينار تونسي,AE,
2020-01-01,1,دينار تونسي,AE,
2020-02-01,0,دينار تونسي,AE,
2020-03-01,1,دينار تونسي,AE,
2020-04-01,2,دينار تونسي,AE,
2020-05-01,2,دينار تونسي,AE,
2020-06-01,1,دينار تونسي,AE,
2020-07-01,2,دينار تونسي,AE,
2020-08-01,1,دينار تونسي,AE,
2020-09-01,0,دينار تونسي,AE,
2020-10-01,1,دينار تونسي,AE,
2020-11-01,0,دينار تونسي,AE,
2020-12-01,1,دينار تونسي,AE,
2021-01-01,3,دينار تونسي,AE,
2021-02-01,1,دينار تونسي,AE,
2021-03-01,1,دينار تونسي,AE,
2021-04-01,3,دينار تونسي,AE,
2021-05-01,2,دينار تونسي,AE,
2021-06-01,0,دينار تونسي,AE,
2021-07-01,1,دينار تونسي,AE,
2021-08-01,1,دينار تونسي,AE,
2021-09-01,1,دينار تونسي,AE,
2021-10-01,1,دينار تونسي,AE,
2021-11-01,1,دينار تونسي,AE,
2021-12-01,1,دينار تونسي,AE,
2022-01-01,1,دينار تونسي,AE,
2022-02-01,3,دينار تونسي,AE,
2022-03-01,0,دينار تونسي,AE,
2022-04-01,3,دينار تونسي,AE,
2022-05-01,3,دينار تونسي,AE,
2022-06-01,3,دينار تونسي,AE,
2022-07-01,2,دينار تونسي,AE,
2022-08-01,0,دينار تونسي,AE,
2022-09-01,1,دينار تونسي,AE,
2022-10-01,2,دينار تونسي,AE,
2022-11-01,3,دينار تونسي,AE,
2022-12-01,2,دينار تونسي,AE,
2023-01-01,1,دينار تونسي,AE,
2023-02-01,2,دينار تونسي,AE,
2023-03-01,4,دينار تونسي,AE,
2023-04-01,3,دينار تونسي,AE,
2023-05-01,2,دينار تونسي,AE,
